generation_name,generation_code,generation_volume,maker_code,model_code,origin
디 올 뉴 그랜저 (22년~현재),2757,14,49,5,K
디 올 뉴 그랜저 하이브리드 (22년~현재),2758,9,49,5,K
더 뉴 그랜저 (19년~현재),2107,23,49,5,K
더 뉴 그랜저 하이브리드 (19년~현재),2108,7,49,5,K
그랜저IG (16~19년),1779,4,49,5,K
그랜저IG 하이브리드 (17~19년),1823,0,49,5,K
그랜저HG (11~17년),1332,21,49,5,K
그랜저HG 하이브리드 (13~17년),1593,0,49,5,K
더 럭셔리 그랜저 (09~11년),1193,1,49,5,K
그랜저 뉴 럭셔리 (08~10년),1444,0,49,5,K
그랜저TG (05~08년),740,2,49,5,K
뉴그랜저XG (02~05년),392,0,49,5,K
그랜저XG (98~02년),393,0,49,5,K
뉴그랜져 (92~98년),394,1,49,5,K
그랜저 (86~92년),395,0,49,5,K
더 뉴 그랜드스타렉스 (17~21년),1888,18,49,17,K
그랜드스타렉스 (07~18년),887,49,49,17,K
뉴스타렉스 (04~07년),698,1,49,17,K
스타렉스 (97~04년),407,1,49,17,K
포터2 (04년~현재),633,47,49,42,K
포터2 일렉트릭 (19년~현재),2109,0,49,42,K
뉴 포터 (96~04년),2348,0,49,42,K
포터 (86~96년),421,0,49,42,K
디 올 뉴 싼타페 (23년~현재),2798,11,49,20,K
디 올 뉴 싼타페 하이브리드 (23년~현재),2799,8,49,20,K
더 뉴 싼타페 (20~23년),2317,1,49,20,K
더 뉴 싼타페 하이브리드 (21~23년),2400,6,49,20,K
싼타페TM (18~20년),1897,5,49,20,K
싼타페 더 프라임 (15~18),1661,3,49,20,K
싼타페DM (12~15년),1503,6,49,20,K
싼타페 더스타일 (09~12년),1158,1,49,20,K
싼타페CM (05~09년),786,2,49,20,K
싼타페 (00~05년),408,0,49,20,K
쏘나타 디 엣지 (23년~현재),2780,5,49,21,K
쏘나타 디 엣지 하이브리드 (23년~현재),2781,1,49,21,K
쏘나타 DN8 (19년~현재),1985,3,49,21,K
쏘나타 하이브리드 [DN8] (19년~현재),2084,0,49,21,K
쏘나타 뉴 라이즈 (17~19년),1796,3,49,21,K
쏘나타 뉴 라이즈 하이브리드 (17~19년),1830,1,49,21,K
LF쏘나타 (14~17년),1596,4,49,21,K
LF쏘나타 하이브리드 (14~17년),1728,1,49,21,K
쏘나타 더 브릴리언트 (12~14년),1542,2,49,21,K
쏘나타 하이브리드 (11~14년),1416,1,49,21,K
YF쏘나타 (09~12년),1154,7,49,21,K
NF쏘나타 트랜스폼 (07~09년),913,0,49,21,K
NF쏘나타 (04~07년),729,0,49,21,K
뉴EF쏘나타 (01~04년),397,0,49,21,K
EF쏘나타 (98~01년),398,0,49,21,K
쏘나타3 (96~98년),399,0,49,21,K
쏘나타2 (93~96년),400,1,49,21,K
쏘나타 (85~96년),423,0,49,21,K
디 올 뉴 팰리세이드 (25년~현재),2872,7,49,960,K
더 뉴 팰리세이드 (22~25년),2722,9,49,960,K
팰리세이드 (19~22년),1953,12,49,960,K
카운티 뉴브리즈 (12년~현재),2480,0,49,31,K
카운티 일렉트릭 (12년~현재),2481,0,49,31,K
뉴 카운티 (12년~현재),1724,9,49,31,K
e-카운티 (04~12년),935,16,49,31,K
카운티 (98~04년),427,3,49,31,K
i20 (08~14년),1829,0,49,920,K
i30 PD (16년~현재),1747,0,49,1,K
더 뉴 i30 (15~16년),1653,0,49,1,K
뉴 i30 (11~15년),1446,0,49,1,K
i30 (07~11년),903,0,49,1,K
i30CW (08~11년),1031,0,49,1,K
더 뉴 i40 (15년~현재),1649,0,49,2,K
더 뉴 i40 살룬 (15년~현재),1650,0,49,2,K
i40 (11~15년),1436,1,49,2,K
i40 살룬 (12~15년),1488,0,49,2,K
갤로퍼 (91~97년),412,0,49,3,K
갤로퍼2 (97~03년),411,0,49,3,K
그라나다 (78~85년),567,0,49,4,K
뉴 그레이스 (93~04년),422,0,49,6,K
그레이스 (86~93년),2463,0,49,6,K
넥쏘 (NH2) (25년~현재),2933,0,49,946,K
넥쏘 (18년~현재),1918,1,49,946,K
다이너스티 (96~05년),391,0,49,7,K
라비타 (01~07년),416,0,49,9,K
리베로 (00~07년),425,1,49,10,K
마르샤 (95~98년),396,0,49,11,K
올 뉴 마이티 (15년~현재),1818,5,49,12,K
e마이티 (04~15년),1302,2,49,12,K
마이티2 (98~04년),1301,0,49,12,K
마이티 (87~98년),424,0,49,12,K
더 뉴 맥스크루즈 (15~19년),1674,0,49,788,K
맥스크루즈 (13~16년),1554,1,49,788,K
베뉴 (19년~현재),2074,3,49,974,K
베라크루즈 (06~15년),840,4,49,13,K
베르나 트랜스폼 (09~10년),1202,0,49,14,K
베르나 (신형) (05~09년),2464,0,49,14,K
뉴 베르나 (02~05년),568,0,49,14,K
베르나 (99~02년),403,0,49,14,K
벨로스터 N (18년~22년),2407,1,49,15,K
벨로스터 [JS] (18년~현재),1896,1,49,15,K
더 뉴 벨로스터 (15~18년),1688,1,49,15,K
벨로스터 (11~15년),1391,0,49,15,K
블루온 (10~11년),2446,0,49,1104,K
뉴 스쿠프 (92~95년),2086,0,49,16,K
스쿠프 (90~92년),420,0,49,16,K
스타리아 일렉트릭 (26년~현재),2960,0,49,1078,K
더 뉴 스타리아 (25년~현재),2950,0,49,1078,K
스타리아 (21년~현재),2380,15,49,1078,K
스텔라 (83~97년),573,0,49,18,K
싼타모 (95~02년),406,0,49,19,K
쏠라티 (15년~현재),1684,3,49,870,K
더 뉴 아반떼 [CN7] (23년~현재),2767,3,49,22,K
더 뉴 아반떼 하이브리드 [CN7] (23년~현재),2768,1,49,22,K
더 뉴 아반떼 N (23년~현재),2791,0,49,22,K
아반떼 N (21년~현재),2408,2,49,22,K
올 뉴 아반떼 [CN7] (20년~23년),2295,1,49,22,K
올 뉴 아반떼 하이브리드 [CN7] (20년~23년),2326,1,49,22,K
더 뉴 아반떼AD (18~20년),1934,2,49,22,K
아반떼AD (15~18년),1668,8,49,22,K
더 뉴 아반떼 (13~15년),1598,3,49,22,K
아반떼 쿠페 (13~15년),1557,0,49,22,K
아반떼MD (10~14년),1254,5,49,22,K
아반떼 LPi 하이브리드 (09~13년),1070,0,49,22,K
아반떼HD (06~10년),839,1,49,22,K
뉴아반떼XD (03~06년),570,0,49,22,K
아반떼XD (00~03년),401,0,49,22,K
올뉴아반떼 (98~00년),574,0,49,22,K
아반떼 (95~98년),402,0,49,22,K
아슬란 (14~18년),1624,1,49,820,K
더 뉴 아이오닉 하이브리드 (19년~현재),1970,0,49,871,K
아이오닉 하이브리드 (16~19년),1686,2,49,871,K
더 뉴 아이오닉 일렉트릭 (19년~현재),1995,0,49,871,K
아이오닉 일렉트릭 (16~19년),1819,0,49,871,K
더 뉴 아이오닉 플러그인 (19년~현재),1971,0,49,871,K
아이오닉 플러그인 (16~19년),1871,0,49,871,K
더 뉴 아이오닉 5 (24년~현재),2828,0,49,1080,K
아이오닉5 (21~24년),2387,2,49,1080,K
아이오닉 5 N (23년~현재),2804,0,49,1080,K
더 뉴 아이오닉 6 (25년~현재),2917,0,49,1259,K
아이오닉6 (22~25년),2747,2,49,1259,K
아이오닉 6 N (26년~현재),2937,0,49,1259,K
아이오닉9 (25년~현재),2883,0,49,1308,K
아토스 (97~02년),405,0,49,23,K
e-에어로타운 (04년~현재),886,4,49,24,K
뉴 슈퍼에어로시티 (08년~현재),1931,0,49,24,K
슈퍼에어로시티 (01~08년),982,0,49,24,K
뉴에어로,1373,0,49,24,K
에어로스페이스 (95~10년),1169,0,49,24,K
에어로타운 (94~04년),936,0,49,24,K
뉴 에쿠스 (09~15년),1056,12,49,25,K
에쿠스 (99~09년),390,0,49,25,K
엑센트 (신형) (10~19년),1314,4,49,26,K
뉴 엑센트 (97~99년),2472,0,49,26,K
엑센트 (94~97년),417,0,49,26,K
엑셀 (89~94년),419,1,49,27,K
뉴 엘란트라 (93~95년),418,0,49,28,K
엘란트라 (90~93년),1904,0,49,28,K
더 뉴 제네시스 쿠페 (11~16년),1463,1,49,30,K
제네시스 쿠페 (08~11년),1012,2,49,30,K
제네시스 DH (13~16년),1589,5,49,30,K
제네시스 (08~14년),933,10,49,30,K
더 뉴 캐스퍼 (24년~현재),2864,1,49,1090,K
캐스퍼 (21~24년),2417,2,49,1090,K
캐스퍼 일렉트릭 (24년~현재),2859,0,49,1090,K
디 올 뉴 코나 (23년~현재),2763,3,49,922,K
디 올 뉴 코나 하이브리드 (23년~현재),2764,0,49,922,K
디 올 뉴 코나 일렉트릭 (23년~현재),2779,0,49,922,K
코나 N (21년~현재),2402,0,49,922,K
더 뉴 코나 (20년~현재),2345,0,49,922,K
더 뉴 코나 하이브리드 (20년~현재),2344,0,49,922,K
코나 (17~20년),1835,5,49,922,K
코나 하이브리드 (19~20년),2088,0,49,922,K
코나 일렉트릭 (18년~현재),1924,3,49,922,K
코러스 (88~07년),426,0,49,32,K
코티나 (68~71년),578,0,49,33,K
뉴 코티나 (71~76년),1988,0,49,33,K
뉴 클릭 (05~10년),916,0,49,34,K
클릭 하이브리드 (04~06년),1566,0,49,34,K
클릭 (02~05년),404,0,49,34,K
캠핑카,866,0,49,778,K
테라칸 (01~07년),410,1,49,35,K
뉴 투스카니 (06~08년),841,1,49,36,K
투스카니 (01~06년),413,2,49,36,K
더 뉴 투싼 (23년~현재),2818,1,49,37,K
더 뉴 투싼 하이브리드 (23년~현재),2819,0,49,37,K
디 올 뉴 투싼 (20~23년),2343,3,49,37,K
디 올 뉴 투싼 하이브리드 (20~23년),2403,5,49,37,K
올 뉴 투싼 (15~20년),1646,1,49,37,K
뉴 투싼ix (13~15년),1564,1,49,37,K
투싼ix (09~13년),1153,2,49,37,K
투싼 (04~09년),630,0,49,37,K
트라고 (06~13년),1306,0,49,38,K
엑시언트 프로 (19년~현재),2415,0,49,1088,K
엑시언트 (15년~19년),2414,0,49,1088,K
트라고 엑시언트 (13~15년),2413,0,49,1088,K
트라제XG (99~07년),409,0,49,39,K
뉴 파워트럭 (04년~현재),1361,0,49,777,K
메가트럭,995,0,49,777,K
슈퍼트럭 (97~04년),1310,0,49,777,K
티뷰론터뷸런스 (99~01년),415,0,49,40,K
티뷰론 (96~99년),414,0,49,40,K
포니2 (82~90),1697,0,49,41,K
포니 (75~85),429,0,49,41,K
포레스트 (20년~현재),2333,0,49,1063,K
프레스토 (85~86년),579,0,49,43,K
파비스 (19년~현재),2482,0,49,1120,K
그린시티 (10년~현재),2484,0,49,1121,K
글로벌900 (02~10년),2485,0,49,1121,K
유니버스,908,1,49,29,K
유니시티 (11년~현재),2486,0,49,1122,K
RB버스 (77~91년),2316,0,49,1054,K
ST1 (24년~현재),2839,0,49,1288,K
90A,1307,0,49,772,K
91A,1305,0,49,772,K
기타,599,0,49,772,K
더 뉴 G70 (20년~현재),2346,8,1010,935,K
더 뉴 G70 슈팅브레이크 (22년~현재),2829,0,1010,935,K
G70 (17~20년),1875,5,1010,935,K
G80 [RG3] (23년~현재),2821,7,1010,893,K
뉴 일렉트리파이드 G80 (24년~현재),2862,0,1010,893,K
더 올 뉴 G80 (20~23년),2301,40,1010,893,K
일렉트리파이드 G80 (21~24년),2453,0,1010,893,K
G80 (16년~20년),1720,12,1010,893,K
G90 2세대 (21년~현재),2466,21,1010,958,K
G90 1세대 (18년~현재),1951,17,1010,958,K
GV60 마그마 (26년~현재),2955,0,1010,1108,K
뉴 GV60 (25년~현재),2888,0,1010,1108,K
GV60 (21~24년),2451,0,1010,1108,K
뉴 GV70 (24년~현재),2841,2,1010,1070,K
GV70 (21~24년),2364,18,1010,1070,K
뉴 일렉트리파이드 GV7 (25년~현재),2881,0,1010,1070,K
일렉트리파이드 GV70 (22~24년),2705,0,1010,1070,K
GV80 쿠페 (23년~현재),2810,1,1010,1032,K
GV80 (20년~현재),2211,43,1010,1032,K
EQ900 (15~18년),1699,9,1010,879,K
더 뉴 카니발 4세대 (23년~현재),2812,74,3,76,K
카니발 4세대 (20~23년),2327,48,3,76,K
더 뉴 카니발 (18~20년),1902,10,3,76,K
올 뉴 카니발 (14~18년),1606,14,3,76,K
그랜드 카니발 R (10~14년),2496,6,3,76,K
뉴 카니발 R (10~14년),2495,4,3,76,K
그랜드 카니발 (05~10년),773,1,3,76,K
뉴 카니발 (06~10년),831,0,3,76,K
카니발2 (01~05년),36,0,3,76,K
카니발 (98~01년),37,0,3,76,K
더 뉴 봉고3 (19년~현재),2093,9,3,59,K
봉고3 EV (20년~현재),2213,1,3,59,K
봉고3 (04~19년),634,38,3,59,K
봉고 프론티어 (98~04년),63,0,3,59,K
와이드 봉고 (89~97년),48,0,3,59,K
봉고 (80~89년),820,0,3,59,K
더 뉴 쏘렌토 4세대 (23년~현재),2800,3,3,69,K
더 뉴 쏘렌토 4세대 하이브리드 (23년~현재),2801,4,3,69,K
쏘렌토 4세대 (20년~현재),2296,3,3,69,K
쏘렌토 4세대 하이브리드 (20년~현재),2401,18,3,69,K
더 뉴 쏘렌토 (17~20년),1843,4,3,69,K
올 뉴 쏘렌토 (14~17년),1619,7,3,69,K
뉴 쏘렌토R (12~14년),1522,1,3,69,K
쏘렌토R (09~12년),1058,2,3,69,K
뉴 쏘렌토 (06~09년),959,0,3,69,K
쏘렌토 (02~06년),41,0,3,69,K
더 뉴 K5 3세대 (23년~현재),2815,4,3,44,K
더 뉴 K5 하이브리드 3세대 (23년~현재),2816,3,3,44,K
K5 3세대 (19~23년),2105,6,3,44,K
K5 하이브리드 3세대 (19~23년),2106,1,3,44,K
더 뉴 K5 2세대 (18~20년),1893,0,3,44,K
더 뉴 K5 하이브리드 2세대 (18~19년),1912,0,3,44,K
K5 2세대 (15~18년),1662,4,3,44,K
K5 하이브리드 2세대 (15~18년),1729,0,3,44,K
더 뉴 K5 (13~15년),1574,2,3,44,K
K5 (10~13년),1238,3,3,44,K
K5 하이브리드 (11~15년),1417,0,3,44,K
더 뉴 K8 (24년~현재),2855,3,3,1079,K
더 뉴 K8 하이브리드 (24년~현재),2856,5,3,1079,K
K8 (21~24년),2381,7,3,1079,K
K8 하이브리드 (21~24년),2389,6,3,1079,K
모하비 더 마스터 (19년~현재),2018,13,3,56,K
더 뉴 모하비 (16년~19년),1707,3,3,56,K
모하비 (07~16년),926,3,3,56,K
더 뉴 스포티지 (24년~현재),2875,2,3,67,K
더 뉴 스포티지 하이브리드 (24년~현재),2876,3,3,67,K
디 올 뉴 스포티지 (21년~현재),2397,5,3,67,K
디 올 뉴 스포티지 하이브리드 (21년~현재),2406,2,3,67,K
스포티지 더 볼드 (18년~현재),1926,2,3,67,K
스포티지 4세대 (15~18년),1675,1,3,67,K
더 뉴 스포티지R (13~16년),1613,2,3,67,K
스포티지R (10~13년),1235,2,3,67,K
뉴 스포티지 (04~10년),709,0,3,67,K
스포티지 (93~02년),38,0,3,67,K
EV3 (24년~현재),2852,1,3,1293,K
EV4 (25년~현재),2890,0,3,1310,K
EV5 (25년~현재),2928,0,3,1324,K
더 뉴 EV6 (24년~현재),2860,0,3,1086,K
EV6 (21~24년),2404,1,3,1086,K
EV9 (23년~현재),2795,0,3,1275,K
더 뉴 K3 [2세대] (21년~현재),2445,2,3,762,K
올 뉴 K3 (18~21년),1898,1,3,762,K
더 뉴 K3 (15~18년),1689,2,3,762,K
K3 (12~15년),1527,2,3,762,K
더 뉴 K3 쿱 (16~17년),2363,0,3,762,K
K3 쿱 (13~16년),1582,1,3,762,K
K7 프리미어 (19~21년),2007,4,3,45,K
K7 프리미어 하이브리드 (19~21년),2077,1,3,45,K
올 뉴 K7 (16~19년),1692,7,3,45,K
올 뉴 K7 하이브리드 (16년~현재),1783,0,3,45,K
더 뉴 K7 (12~16년),1540,2,3,45,K
K7 하이브리드 (13~16년),1600,0,3,45,K
더 프레스티지 K7 (11~12년),1398,1,3,45,K
K7 (09~11년),1160,2,3,45,K
더 뉴 K9 [RJ] (21년~현재),2392,2,3,46,K
더 K9 (18년~현재),1903,9,3,46,K
더 뉴 K9 (14~18년),1641,0,3,46,K
K9 (12~14년),1505,2,3,46,K
PV5 (25년~현재),2932,0,3,1327,K
X-트렉 (03~06년),576,0,3,47,K
뉴 그랜버드 (07년~현재),1474,1,3,48,K
그랜버드 (94~07년),59,1,3,48,K
디 올 뉴 니로 (22년~현재),2467,3,3,880,K
디 올 뉴 니로 EV (22년~현재),2721,0,3,880,K
니로 플러스 (22년~현재),2720,0,3,880,K
더 뉴 니로 (19년~현재),1982,3,3,880,K
니로 (16~19년),1700,1,3,880,K
니로 EV (18~22년),1969,1,3,880,K
라이노 (88~04년),65,0,3,49,K
더 뉴 기아 레이 (22년~현재),2751,6,3,50,K
더 뉴 기아 레이 EV (23년~현재),2806,1,3,50,K
더 뉴 레이 (17~22년),1887,7,3,50,K
레이 (11~17년),1467,4,3,50,K
레토나 (98~03년),46,0,3,51,K
로체 이노베이션 (08~10년),972,1,3,52,K
로체 어드밴스 (07~08년),921,0,3,52,K
로체 (05~07년),778,0,3,52,K
록스타 (90~96년),39,0,3,53,K
록스타 R2 (93~97년),40,0,3,53,K
리오 (99~02년),31,0,3,54,K
리오SF (02~05년),66,0,3,54,K
더 뉴 모닝 [JA] (23년~현재),2787,0,3,55,K
모닝 어반 (20년~현재),2304,2,3,55,K
올 뉴 모닝 [JA] (17~20년),1784,5,3,55,K
더 뉴 모닝 (15~17년),1643,1,3,55,K
올 뉴 모닝 (11~15년),1366,2,3,55,K
뉴모닝 (08~11년),931,2,3,55,K
모닝 (04~08년),631,1,3,55,K
베스타 (86~90년),2492,0,3,57,K
뉴베스타 (90~97년),68,0,3,57,K
하이베스타 (92~97년),1475,0,3,57,K
복사 (71~93년),20,0,3,58,K
와이드복사 (92~98년),2493,0,3,58,K
브리사 (73~81년),57,0,3,60,K
비스토 (99~04년),32,0,3,61,K
세레스 (83~00년),64,0,3,62,K
세이블 (86~09년),42,0,3,63,K
세피아2 (97~01년),27,0,3,64,K
세피아 (92~97년),26,0,3,64,K
디 올 뉴 셀토스 (26년~현재),2962,0,3,973,K
더 뉴 셀토스 (22년~현재),2739,3,3,973,K
셀토스 (19년~현재),2073,3,3,973,K
슈마 (97~01년),43,0,3,65,K
스토닉 (17년~현재),1841,0,3,928,K
스팅어 마이스터 (20년~현재),2338,1,3,919,K
스팅어 (17~20년),1827,2,3,919,K
스펙트라 (00~01년),45,0,3,66,K
뉴 스펙트라 (01~03년),569,0,3,66,K
스펙트라윙 (00~01년),49,0,3,66,K
뉴 스펙트라윙 (01~03년),571,0,3,66,K
뉴 쎄라토 (06~08년),920,0,3,68,K
쎄라토 (03~06년),597,0,3,68,K
쏘울 부스터 (19년~현재),1974,0,3,70,K
쏘울 부스터 EV (19년~현재),1980,0,3,70,K
더 뉴 쏘울 (16~19년),1742,0,3,70,K
올 뉴 쏘울 (13~16년),1594,0,3,70,K
쏘울 (08~13년),1009,3,3,70,K
쏘울 EV (14~19년),1925,0,3,70,K
아벨라 델타 (95~99년),1203,0,3,71,K
아벨라 (94~99년),29,0,3,71,K
엔터프라이즈 (97~02년),17,1,3,72,K
엘란 (96~00년),24,0,3,73,K
오피러스 프리미엄 (09~11년),1066,0,3,74,K
뉴 오피러스 (06~09년),818,1,3,74,K
오피러스 (03~06년),67,0,3,74,K
옵티마 (00~05년),19,0,3,75,K
옵티마 리갈 (02~05년),18,0,3,75,K
더 뉴 카렌스 (16~18년),1750,1,3,77,K
올 뉴 카렌스 (13~16년),1558,1,3,77,K
뉴 페이스 카렌스 (08~13년),960,0,3,77,K
뉴 카렌스 (06~08년),812,0,3,77,K
카렌스2 (02~06년),33,0,3,77,K
카렌스 (99~02년),34,0,3,77,K
카스타 (99~02년),35,0,3,78,K
캐피탈 (89~96년),25,0,3,79,K
뉴 캐피탈 (94~96년),2483,0,3,79,K
캠핑카,860,0,3,780,K
코스모스 (89~02년),58,1,3,88,K
파워콤비 (93~02년),1478,0,3,89,K
콤비 (83~96년),47,0,3,89,K
뉴 콩코드 (91~95년),1479,0,3,90,K
콩코드 (87~91년),28,0,3,90,K
크레도스2 (98~00년),23,0,3,91,K
크레도스 (95~98년),22,0,3,91,K
타스만 (25년~현재),2882,1,3,1307,K
타우너 (92~02),44,0,3,92,K
타이탄 (71~97년),61,0,3,93,K
텔루라이드 (20년~현재),2302,0,3,1049,K
토픽 (87~99년),60,0,3,94,K
카고,53,0,3,779,K
덤프,55,0,3,779,K
KB트럭,1324,0,3,779,K
AM트럭,1325,0,3,779,K
그랜토,1502,0,3,779,K
트레이드,62,0,3,95,K
파맥스 (00~04년),577,0,3,96,K
파크타운 (98~00년),56,0,3,97,K
포르테 (08~13년),996,2,3,98,K
포르테 해치백 (10~13년),1484,0,3,98,K
포르테 쿱 (09~13년),1063,0,3,98,K
뉴 포텐샤 (97~02년),1483,0,3,99,K
포텐샤 (92~97년),21,2,3,99,K
더 뉴 프라이드 (15~17년),1659,0,3,100,K
올 뉴 프라이드 (11~15년),1438,1,3,100,K
뉴 프라이드 (05~11년),777,0,3,100,K
프라이드 (87~00년),51,0,3,100,K
프레지오 (95~01년),52,0,3,101,K
피아트 132 (79~81년),54,0,3,102,K
피아트 124,1513,0,3,773,K
AM927 (버스),1007,0,3,773,K
AM928 (버스),1008,0,3,773,K
기타,613,1,3,773,K
더 뉴 말리부 (18년~현재),1950,2,8,82,K
올 뉴 말리부 (11~16년),1704,7,8,82,K
말리부 (11~16년),1439,4,8,82,K
BC,2474,0,8,774,K
BM,870,0,8,774,K
BH,1392,6,8,774,K
BX,1685,1,8,774,K
BS,1402,0,8,774,K
FX,1601,0,8,774,K
기타,591,4,8,774,K
더 뉴 스파크 (18년~현재),1914,1,8,83,K
더 넥스트 스파크 (15~18년),1667,4,8,83,K
스파크 EV (13~16년),2457,0,8,83,K
스파크 (11~15년),1406,5,8,83,K
올란도 (11~18년),1408,8,8,85,K
올 뉴 크루즈 (17년~현재),1788,1,8,87,K
어메이징 뉴 크루즈 (15~17년),1683,4,8,87,K
크루즈 (10~14년),1405,2,8,87,K
레스타 (12년~현재),1832,6,8,129,K
트랙스 크로스오버 (23년~현재),2773,1,8,787,K
더 뉴 트랙스 (16년~현재),1772,3,8,787,K
트랙스 (13~16년),1553,1,8,787,K
뉴 볼트 EV (21년~현재),2456,0,8,1110,K
볼트 EV (17년~현재),2455,1,8,1110,K
볼트 EUV (21년~현재),2465,0,8,1110,K
볼트 (VOLT) (17년~현재),1793,0,8,914,K
더 뉴 아베오 (16년~현재),1748,0,8,84,K
아베오 (11~16년),1404,0,8,84,K
더 넥스트 이쿼녹스 (22년~현재),2719,0,8,943,K
이쿼녹스 (18년~현재),1915,1,8,943,K
임팔라 (15년~현재),1669,1,8,862,K
더 뉴 카마로 SS (18~22년),2029,0,8,983,K
올 뉴 카마로 SS (16년~18년),2028,4,8,983,K
카마로 (11년~15년),2027,0,8,983,K
올 뉴 콜로라도 (24년~현재),2850,0,8,982,K
리얼 뉴 콜로라도 (20~23년),2340,1,8,982,K
콜로라도 (19~20년),2026,0,8,982,K
콜벳 (12~13년),2030,0,8,984,K
캡티바 (11~18년),1407,4,8,86,K
타호 (22년~현재),2749,0,8,1261,K
트래버스 (19년~현재),2025,0,8,981,K
더 뉴 트레일블레이저 (23년~현재),2792,0,8,1033,K
트레일블레이저 (20년~현재),2214,2,8,1033,K
G2X (07~08년),914,0,8,103,K
구쎈 (22년~현재),2477,0,8,1119,K
넥시아 (95~96년),563,0,8,104,K
누비라2 (99~02년),111,0,8,105,K
누비라 (97~99년),112,0,8,105,K
뉴 다마스 (08년~현재),1397,1,8,106,K
다마스2 (03~07년),564,0,8,106,K
다마스 (91~93년),124,0,8,106,K
더쎈 (20년~현재),2475,0,8,1117,K
라노스2 (00~02년),113,0,8,107,K
라노스 (96~00년),114,0,8,107,K
뉴 라보 (08년~현재),1418,1,8,108,K
라보 (91~07년),125,0,8,108,K
라세티 프리미어 (08~11년),1044,0,8,109,K
뉴 라세티 (04~09년),127,0,8,109,K
라세티 (02~04년),969,0,8,109,K
레간자 (97~02년),110,0,8,110,K
레조 (00~07년),121,0,8,111,K
로얄살롱 (80~91년),106,0,8,112,K
르망 (86~97년),118,1,8,113,K
마티즈 (98~00년),120,0,8,114,K
마티즈2 (00~05년),119,0,8,114,K
All New 마티즈 (05~11년),730,0,8,114,K
마티즈 클래식 (09~11년),1308,0,8,114,K
마티즈 크리에이티브 (09~11년),1133,1,8,114,K
매그너스 (99~06년),123,0,8,115,K
맥쎈 (22년~현재),2476,0,8,1118,K
맵시 (82~83년),1516,0,8,782,K
맵시나 (83~86년),126,0,8,116,K
바네트 (86~92년),1322,0,8,117,K
베리타스 (08~10년),1010,0,8,118,K
브로엄 (91~00년),105,0,8,119,K
슈퍼살롱 (91~99년),107,0,8,120,K
스테이츠맨 (05~07년),772,0,8,121,K
씨에로 (94~96년),115,0,8,122,K
아카디아 (94~99년),103,0,8,123,K
알페온 (10~15년),1309,1,8,124,K
에스페로 (90~97년),116,1,8,125,K
윈스톰 (06~10년),827,0,8,126,K
윈스톰 맥스 (08~10년),994,0,8,126,K
임페리얼 (89~93년),104,0,8,127,K
젠트라 (05~11년),915,0,8,128,K
젠트라X (07~11년),782,0,8,128,K
칼로스 (02~03년),117,0,8,130,K
뉴칼로스 (03~07년),562,0,8,130,K
토스카 프리미엄6 (08~11년),961,0,8,131,K
토스카 (06~08년),798,0,8,131,K
V365T트럭,1323,0,8,781,K
차세대트럭 (95~04년),1311,0,8,781,K
노부스,1303,0,8,781,K
티코 (91~01년),122,0,8,132,K
프리마 (09년~현재),1304,1,8,133,K
뉴 프린스 (96~97년),108,0,8,134,K
프린스 (83~96년),109,2,8,134,K
로얄 프린스 (83~91년),2473,0,8,134,K
SM3 네오 (14~19년),1604,2,26,135,K
SM3 Z.E (13년~현재),1886,0,26,135,K
뉴 SM3 (09~14년),787,6,26,135,K
SM3 뉴 제너레이션 (05~11년),1156,0,26,135,K
SM3 (02~05년),244,0,26,135,K
SM5 노바 (15~19년),1642,1,26,136,K
뉴SM5 플래티넘 (12~15년),1537,11,26,136,K
뉴 SM5 (신형) (10~12년),1230,4,26,136,K
SM5 뉴 임프레션 (07~10년),917,0,26,136,K
뉴 SM5 (05~07년),731,0,26,136,K
SM5 (98~05년),243,1,26,136,K
더 뉴 SM6 (20년~현재),2319,0,26,877,K
SM6 (16~20년),1698,8,26,877,K
SM7 노바 (14년~현재),1610,2,26,137,K
올 뉴 SM7 (11~14년),1433,1,26,137,K
SM7 뉴 아트 (08~11년),927,0,26,137,K
SM7 (04~08년),718,1,26,137,K
뉴 QM3 (17년~현재),1874,1,26,806,K
QM3 (13~17년),1583,3,26,806,K
QM5 네오 (14~16년),1611,1,26,138,K
뉴 QM5 (11~14년),1423,3,26,138,K
QM5 (07~11년),932,1,26,138,K
더 뉴 QM6 (19년~현재),2356,3,26,904,K
QM6 (16년~19년),1743,5,26,904,K
XM3 (20년~현재),2297,2,26,1046,K
그랑 콜레오스 (24년~현재),2866,1,26,1299,K
필랑트 (26년~현재),2956,0,26,1339,K
뉴 마스터 (20년~현재),2332,8,26,954,K
마스터 (18~20년),1942,6,26,954,K
세닉,2927,0,26,1323,K
아르카나 (24년~현재),2836,1,26,1287,K
야무진 (98~00년),245,0,26,139,K
조에 (20년~현재),2337,0,26,1064,K
캡처 (20년~현재),2305,0,26,1051,K
클리오 (18년~현재),1910,0,26,942,K
SM510트럭,546,0,26,783,K
덤프,547,0,26,783,K
트위지 (17년~현재),1869,0,26,930,K
기타,548,0,26,775,K
렉스턴 뉴 아레나 (23년~현재),2783,0,31,140,K
더 뉴 렉스턴 스포츠 칸 (21년~현재),2383,3,31,140,K
더 뉴 렉스턴 스포츠 (21년~현재),2382,1,31,140,K
올 뉴 렉스턴 (20~23년),2349,2,31,140,K
렉스턴 스포츠 칸 (19~21년),1961,3,31,140,K
렉스턴 스포츠 (18~21년),1892,6,31,140,K
G4 렉스턴 (17~20년),1825,1,31,140,K
렉스턴W (12~17년),1507,1,31,140,K
슈퍼 렉스턴 (08~12년),1159,0,31,140,K
렉스턴2 유로 (07~08년),1190,0,31,140,K
렉스턴2 (06~07년),805,0,31,140,K
뉴렉스턴 (03~06년),618,0,31,140,K
렉스턴 (01~03년),267,0,31,140,K
로디우스 유로 (12~13년),2104,0,31,141,K
뉴 로디우스 (07~12년),968,0,31,141,K
로디우스 (04~07년),701,0,31,141,K
무쏘 (26년~현재),2951,0,31,142,K
무쏘 EV (25년~현재),2887,0,31,142,K
무쏘 칸 (25년~현재),2886,0,31,142,K
무쏘 스포츠 (25년~현재),2885,0,31,142,K
무쏘 스포츠 (02~06년),265,0,31,142,K
뉴 무쏘 (98~04년),557,1,31,142,K
무쏘 밴 (98~04년),1205,0,31,142,K
무쏘 (93~98년),268,0,31,142,K
액티언 2세대 (24년~현재),2857,1,31,143,K
액티언 (05~11년),785,0,31,143,K
액티언 스포츠 (06~11년),810,0,31,143,K
이스타나 (95~03년),272,0,31,144,K
체어맨H 뉴 클래식 (11~14년),1422,1,31,145,K
체어맨H (08~11년),964,0,31,145,K
뉴 체어맨W (11~17년),1430,2,31,145,K
체어맨W (08~11년),948,1,31,145,K
뉴체어맨 (03~08년),538,0,31,145,K
체어맨 (97~03년),266,0,31,145,K
뉴카이런 (07~11년),888,0,31,146,K
카이런 (05~07년),761,0,31,146,K
칼리스타 (92~94년),271,2,31,147,K
뷰티풀 코란도 (19년~현재),1979,1,31,148,K
뉴 스타일 코란도 C (17~18년),1785,0,31,148,K
뉴 코란도 C (13~17년),1577,6,31,148,K
코란도 C (11~13년),1374,1,31,148,K
더 뉴 코란도 스포츠 (16~18년),1730,4,31,148,K
코란도 스포츠 (12~16년),1476,4,31,148,K
코란도 투리스모 (13~19년),1549,5,31,148,K
뉴코란도 (96~05년),269,1,31,148,K
코란도 훼미리 (88~96년),867,0,31,148,K
코란도 지프 (69~96년),270,0,31,148,K
코란도 EV (24년~현재),2842,0,31,1114,K
코란도 이모션 (22~23년),2469,0,31,1114,K
더 뉴 토레스 (24년~현재),2840,0,31,1247,K
토레스 EVX (23년~현재),2805,0,31,1247,K
토레스 (22~24년),2725,6,31,1247,K
더 뉴 티볼리 (23년~현재),2784,1,31,830,K
더 뉴 티볼리 에어 (23년~현재),2785,1,31,830,K
베리 뉴 티볼리 (19년~현재),2091,0,31,830,K
티볼리 아머 (17~19년),1844,1,31,830,K
티볼리 (15~17년),1639,3,31,830,K
티볼리 에어 (16년~현재),1701,0,31,830,K
덤프,549,0,31,784,K
카고트럭,1473,0,31,784,K
DA50트럭,1326,0,31,784,K
SY트럭,1327,0,31,784,K
기타,552,0,31,776,K
스피라 (08년~현재),1500,0,1000,80,K
전기차,2352,0,85,1069,K
캠핑카,1672,0,85,865,K
캠핑 트레일러,1673,0,85,866,K
기타,872,1,85,81,K
A클래스 4세대 (19년~현재),2101,7,21,353,I
A클래스 3세대 (13~18년),1576,2,21,353,I
A클래스 2세대 (04~12년),204,0,21,353,I
A클래스 1세대 (97~04년),2114,0,21,353,I
B클래스 2세대 (12~18년),1773,0,21,354,I
B클래스 1세대 (05~11년),882,0,21,354,I
C클래스 5세대 (22년~현재),2711,1,21,355,I
C클래스 4세대 (14년~현재),1714,5,21,355,I
C클래스 3세대 (07~14년),939,1,21,355,I
C클래스 2세대 (00~07년),205,0,21,355,I
C클래스 1세대 (93~00년),2115,0,21,355,I
E클래스 11세대 (24년~현재),2822,13,21,356,I
E클래스 10세대 (16년~현재),1766,37,21,356,I
E클래스 9세대 (09~17년),1146,8,21,356,I
E클래스 8세대 (02~09년),2116,0,21,356,I
E클래스 7세대 (95~02년),2117,0,21,356,I
E클래스 (36~95년),206,1,21,356,I
CLA클래스 2세대 (20년~현재),2220,2,21,807,I
CLA클래스 1세대 (14~19년),1586,1,21,807,I
CLE클래스 (24년~현재),2827,5,21,1283,I
CLK클래스 2세대 (02~09년),210,0,21,369,I
CLK클래스 1세대 (97~03년),2124,0,21,369,I
CLS클래스 3세대 (18년~현재),1945,10,21,357,I
CLS클래스 2세대 (10~17년),1419,3,21,357,I
CLS클래스 1세대 (04~11년),715,1,21,357,I
S클래스 7세대 (21년~현재),2357,76,21,358,I
S클래스 6세대 (13~21년),1713,50,21,358,I
S클래스 5세대 (05~13년),770,12,21,358,I
S클래스 4세대 (98~06년),2133,4,21,358,I
S클래스 3세대 (93~01년),2134,1,21,358,I
마이바흐 2세대 (21년~현재),2394,41,21,359,I
마이바흐 1세대 (15년~20년),644,15,21,359,I
마이바흐 SL클래스,2938,0,21,1331,I
마이바흐 GLS클래스 (20년~현재),2372,39,21,1074,I
GLA클래스 (20년~현재),2341,1,21,817,I
GLA클래스 (14~20년),1614,0,21,817,I
GLB클래스 (20년~현재),2342,8,21,1065,I
GLC클래스 2세대 (23년~현재),2790,10,21,876,I
GLC클래스 1세대 (16년~현재),1696,8,21,876,I
GLE클래스 2세대 (19년~현재),2099,16,21,873,I
GLE클래스 1세대 (16~19년),1690,3,21,873,I
GLK클래스 (09~15년),993,1,21,360,I
GLS클래스 3세대 (20년~현재),2309,15,21,889,I
GLS클래스 2세대 (16~19년),1710,2,21,889,I
GL클래스 (12~16년),1778,1,21,361,I
GL클래스 (06~12년),832,0,21,361,I
G클래스 3세대 (19년~현재),1954,53,21,362,I
G클래스 2세대 (90~18년),209,9,21,362,I
G클래스 1세대 (79~01년),2182,1,21,362,I
M클래스 3세대 (12~15년),1511,0,21,363,I
M클래스 2세대 (05~11년),212,0,21,363,I
M클래스 1세대 (97~05년),2178,0,21,363,I
AMG GT (25년~현재),2907,0,21,842,I
AMG GT 1세대 (14년~현재),1660,17,21,842,I
R클래스 (05~13년),897,1,21,364,I
V클래스 3세대 (14년~현재),1715,12,21,365,I
V클래스 2세대 (03~14년),655,0,21,365,I
V클래스 1세대 (96~03년),2183,0,21,365,I
스프린터 3세대 (19년~현재),1972,28,21,366,I
스프린터 2세대 (06~18년),1252,7,21,366,I
스프린터 1세대 (95~06년),2184,0,21,366,I
유니목,2328,0,21,1060,I
EQA (21년~현재),2405,0,21,1087,I
EQB (22년~현재),2730,2,21,1249,I
EQC (19년~현재),2097,1,21,1007,I
EQE (22년~현재),2750,0,21,1262,I
EQS (21년~현재),2458,0,21,1111,I
EQE (23년~현재),2793,1,21,1274,I
EQS (23년~현재),2766,2,21,1268,I
마이바흐 EQS (24년~현재),2854,2,21,1295,I
SLK클래스 3세대 (11~16년),1776,0,21,368,I
SLK클래스 2세대 (04~10년),699,0,21,368,I
SLK클래스 1세대 (96~04년),211,0,21,368,I
SL클래스 (23년~현재),2774,4,21,370,I
SL클래스 6세대 (12년~현재),974,1,21,370,I
SL클래스 5세대 (02~12년),213,1,21,370,I
SL클래스 (54~02년),2186,5,21,370,I
CL클래스 3세대 (07~13년),975,0,21,381,I
CL클래스 2세대 (92~06년),217,0,21,381,I
CL클래스 1세대 (92~99년),2187,0,21,381,I
SLC클래스 (16년~현재),1763,0,21,906,I
SLS AMG (10~14년),1248,4,21,371,I
SLR 맥라렌 (03~10년),743,0,21,372,I
SEL (53~94년),1440,3,21,380,I
SEC (81~94년),2162,0,21,380,I
L319 (55~67년),219,0,21,382,I
190 (82~94년),1490,2,21,375,I
220 (59~71년),2743,0,21,1255,I
280 (67~86년),1956,0,21,959,I
600 (63~81년),2331,0,21,1062,I
악트로스 (95년~현재),2514,0,21,1124,I
아록스 (13년~현재),2515,0,21,1125,I
아테고 (15년~현재),2516,0,21,1126,I
기타,2513,1,21,1123,I
718 박스터 (16년~현재),1738,16,43,901,I
718 스파이더 (19년~현재),2215,1,43,901,I
718 카이맨 (16년~현재),1822,3,43,901,I
911 8세대 (19년~현재),1997,79,43,250,I
911 7세대 (12~19년),1481,25,43,250,I
911 6세대 (04~13년),344,4,43,250,I
911 5세대 (99~05년),2478,1,43,250,I
911 (64~98년),2479,4,43,250,I
박스터 3세대 (13~16년),1536,1,43,248,I
박스터 2세대 (05~12년),343,0,43,248,I
박스터 1세대 (96~04년),2490,0,43,248,I
카이맨 (13~16년),1559,0,43,249,I
카이맨 (05~12년),788,0,43,249,I
카레라 GT (04~06년),641,0,43,253,I
마칸 일렉트릭 (24년~현재),2884,1,43,829,I
마칸 (14년~현재),1609,10,43,829,I
카이엔 일렉트릭 (25년~현재),2941,0,43,251,I
카이엔 3세대 (19년~현재),1913,66,43,251,I
카이엔 2세대 (11~18년),1241,4,43,251,I
카이엔 1세대 (02~10년),349,0,43,251,I
타이칸 (20년~현재),2310,19,43,1053,I
파나메라 3세대 (24년~현재),2837,7,43,252,I
파나메라 2세대 (17~24년),1749,35,43,252,I
파나메라 1세대 (09~16년),1170,5,43,252,I
356 (48~65년),1062,0,43,856,I
928 (77~95년),2594,0,43,1156,I
944 (82~91년),2595,0,43,1157,I
959 (86~93년),1293,0,43,254,I
968 (91~95년),2596,0,43,1158,I
1시리즈 4세대 (25년~현재),2915,0,1,342,I
1시리즈 3세대 (20~24년),2212,0,1,342,I
1시리즈 2세대 (12~19년),1543,0,1,342,I
1시리즈 1세대 (04~13년),900,2,1,342,I
2시리즈 2세대 (22년~현재),2724,0,1,814,I
2시리즈 그란쿠페 (25년~현재),2913,0,1,814,I
2시리즈 액티브 투어러 (22년~현재),2740,1,1,814,I
2시리즈 1세대 (13~16년),1602,0,1,814,I
2시리즈 그란쿠페 1세대 (20~24년),2258,2,1,814,I
2시리즈 액티브 투어러 1세대 (14~22년),2257,0,1,814,I
3시리즈 7세대 (19년~현재),1987,10,1,343,I
3시리즈 6세대 (12~18년),1774,5,1,343,I
3시리즈 5세대 (05~13년),732,1,1,343,I
3시리즈 4세대 (97~06년),1,0,1,343,I
3시리즈 3세대 (90~00년),2123,0,1,343,I
3시리즈 (75~94년),2122,0,1,343,I
4시리즈 2세대 (21년~현재),2369,7,1,809,I
4시리즈 1세대 (13~20년),1590,3,1,809,I
5시리즈 8세대 (23년~현재),2808,11,1,344,I
5시리즈 7세대 (17~23년),1824,13,1,344,I
5시리즈 6세대 (10~16년),1767,6,1,344,I
5시리즈 5세대 (03~10년),447,0,1,344,I
5시리즈 4세대 (95~03년),2,0,1,344,I
5시리즈 (72~96년),2125,2,1,344,I
6시리즈 3세대 (11~18년),1420,0,1,345,I
6시리즈 2세대 (03~10년),705,2,1,345,I
6시리즈 1세대 (76~89년),2126,1,1,345,I
7시리즈 7세대 (22년~현재),2759,6,1,346,I
7시리즈 6세대 (16~22년),1708,10,1,346,I
7시리즈 5세대 (08~15년),1047,4,1,346,I
7시리즈 4세대 (02~09년),3,1,1,346,I
7시리즈 3세대 (94~01년),2128,0,1,346,I
7시리즈 (77~94년),2129,0,1,346,I
8시리즈 2세대 (19년~현재),2095,9,1,347,I
8시리즈 1세대 (89~99년),4,0,1,347,I
6시리즈 GT (17년~현재),2130,5,1,348,I
5시리즈 GT (10~17년),1249,1,1,348,I
3시리즈 GT (13년~현재),1872,0,1,348,I
1M (11~12년),2149,0,1,1017,I
M2 2세대 (23년~현재),2794,4,1,1018,I
M2 1세대 (16년~현재),2150,0,1,1018,I
M3 6세대 (21년~현재),2384,3,1,1019,I
M3 5세대 (14년~현재),2155,1,1,1019,I
M3 4세대 (07~13년),2154,1,1,1019,I
M3 3세대 (00~06년),2153,2,1,1019,I
M3 2세대 (92~99년),2152,1,1,1019,I
M3 1세대 (86~91년),2151,0,1,1019,I
M4 2세대 (21년~현재),2385,2,1,1020,I
M4 1세대 (14년~현재),2156,3,1,1020,I
M5 (24년~현재),2880,2,1,1021,I
M5 6세대 (18~24년),2161,1,1,1021,I
M5 5세대 (12~17년),2160,0,1,1021,I
M5 4세대 (05~10년),2159,0,1,1021,I
M5 3세대 (98~03년),2158,1,1,1021,I
M5 (84~95년),2157,0,1,1021,I
M6 3세대 (12년~현재),2164,0,1,1022,I
M6 2세대 (05~10년),2165,0,1,1022,I
M6 1세대 (83~89년),2163,0,1,1022,I
M8 (19년~현재),2166,2,1,1023,I
M 쿠페 2세대 (06~08년),2169,0,1,1024,I
M 로드스터 2세대 (06~08년),2170,0,1,1024,I
M 쿠페 1세대 (98~02년),2167,0,1,1024,I
M 로드스터 1세대 (98~02년),2168,0,1,1024,I
X3 M (19년~현재),2171,0,1,1025,I
X4 M (19년~현재),2172,1,1,1026,I
X5 M 3세대 (20년~현재),2311,2,1,1027,I
X5 M 2세대 (15~19년),2174,0,1,1027,I
X5 M 1세대 (10~13년),2173,0,1,1027,I
X6 M 3세대 (20년~현재),2312,1,1,1028,I
X6 M 2세대 (15~19년),2176,2,1,1028,I
X6 M 1세대 (09~14년),2175,0,1,1028,I
XM (23년~현재),2777,1,1,1271,I
X1 3세대 (23년~현재),2775,0,1,1011,I
X1 2세대 (16년~현재),2132,1,1,1011,I
X1 1세대 (10~15년),2131,0,1,1011,I
X2 2세대 (24년~현재),2838,0,1,1012,I
X2 1세대 (18~24년),2135,2,1,1012,I
X3 (24년~현재),2879,1,1,1013,I
X3 3세대 (17~24년),2138,3,1,1013,I
X3 2세대 (11~17년),2137,0,1,1013,I
X3 1세대 (04~10년),2136,0,1,1013,I
X4 2세대 (18년~현재),2140,7,1,1014,I
X4 1세대 (14~18년),2139,0,1,1014,I
X5 4세대 (19년~현재),2144,10,1,1015,I
X5 3세대 (13~18년),2143,0,1,1015,I
X5 2세대 (07~13년),2142,0,1,1015,I
X5 1세대 (00~06년),2141,0,1,1015,I
X6 3세대 (20년~현재),2147,14,1,1016,I
X6 2세대 (14~19년),2148,1,1,1016,I
X6 1세대 (08~14년),2145,1,1,1016,I
X7 (19년~현재),1994,15,1,349,I
더 뉴 iX (25년~현재),2922,0,1,1221,I
iX (22년~현재),2681,1,1,1221,I
iX1 (23년~현재),2776,1,1,1270,I
iX2 (25년~현재),2889,0,1,1309,I
iX3 (21년~현재),2470,0,1,1115,I
i3 (14년~현재),1605,0,1,815,I
i4 (22년~현재),2713,2,1,1243,I
i5 (23년~현재),2809,0,1,1277,I
i7 (22년~현재),2760,2,1,1265,I
i8 (15년~현재),1633,0,1,824,I
Z3 (96~02년),2177,1,1,1030,I
Z4 (19년~현재),2181,1,1,1031,I
Z4 (09~16년),2180,0,1,1031,I
Z4 (02~08년),2179,0,1,1031,I
Z8 (99~03년),1372,2,1,350,I
02 시리즈 (66~76년),1943,0,1,955,I
296 (22년~현재),2718,28,41,1246,I
308 (75~85년),1890,1,41,939,I
328 (86~89년),1984,0,41,967,I
348 (90~95년),780,0,41,292,I
360 (99~05년),525,0,41,293,I
456 (92~03년),536,0,41,294,I
458 (10~15년),1247,6,41,295,I
488 (15년~현재),1670,17,41,863,I
512TR (91~94년),1027,0,41,296,I
575M (02~06년),534,1,41,299,I
599 (06~12년),850,4,41,300,I
612 (04~11년),744,1,41,301,I
812 (17년~현재),1885,8,41,937,I
849 (26년~현재),2945,0,41,1338,I
F8 (19년~현재),2098,25,41,1008,I
F12 (12~17년),1530,2,41,770,I
F355 (94~99년),330,1,41,302,I
F430 (04~09년),722,3,41,303,I
FF (11~16년),1377,1,41,307,I
GTC4 루쏘 (17년~현재),1794,5,41,915,I
SF90 (20년~현재),2375,19,41,1077,I
라페라리 (13년~현재),2726,0,41,1248,I
로마 (20년~현재),2329,23,41,1061,I
엔초 (02~04년),535,0,41,306,I
캘리포니아 (08년~현재),1144,10,41,305,I
포르토피노 (18년~현재),1939,14,41,952,I
푸로산게 (24년~현재),2865,12,41,1298,I
아말피 (25년~현재),2943,0,41,1335,I
12 칠린드리 (26년~현재),2958,0,41,1340,I
기타,537,0,41,309,I
고스트 2세대 (20년~현재),2339,19,16,230,I
고스트 1세대 (10~20년),1215,14,16,230,I
던 (16년~현재),1820,6,16,918,I
팬텀 8세대 (17년~현재),470,9,16,231,I
팬텀 (03~17년),2552,4,16,231,I
레이스 (14년~현재),1588,19,16,808,I
스펙터 (23년~현재),2814,5,16,1279,I
컬리넌 (18년~현재),1921,28,16,945,I
코니쉬 (71~02년),471,0,16,234,I
실버 쉐도우Ⅱ (77~80년),2450,0,16,1107,I
실버 쉐도우Ⅰ (65~76년),2714,0,16,1107,I
실버 스퍼(스피릿) (80~98년),468,0,16,233,I
실버 클라우드Ⅲ (63~66년),2771,0,16,1269,I
실버 클라우드Ⅱ (59~62년),2769,1,16,1269,I
실버 클라우드Ⅰ (55~59년),2770,0,16,1269,I
뮬산 (10년~현재),1364,6,22,259,I
벤테이가 (16년~현재),1775,23,22,908,I
컨티넨탈 GT (24년~현재),2874,0,22,256,I
컨티넨탈 GT 3세대 (18~24년),1928,17,22,256,I
컨티넨탈 GT 2세대 (12~17년),1455,12,22,256,I
컨티넨탈 GT 1세대 (52~11년),790,2,22,256,I
플라잉스퍼 4세대 (24년~현재),2863,1,22,257,I
플라잉스퍼 3세대 (19년~24년),2232,18,22,257,I
플라잉스퍼 2세대 (14~18년),1616,7,22,257,I
컨티넨탈 플라잉스퍼 1세대 (52~13년),791,0,22,257,I
브룩랜즈 (92~11년),792,0,22,260,I
아르나지 (98~09년),489,1,22,258,I
아주르 (95~11년),892,0,22,261,I
터보 R,488,0,22,849,I
가야르도 (04~14년),640,0,11,212,I
디아블로 (90~02년),164,0,11,214,I
레부엘토,2930,3,11,1326,I
무르시엘라고 (01~10년),462,3,11,213,I
시안 (20년~현재),2813,0,11,1278,I
아벤타도르 (11년~현재),1426,13,11,215,I
우라칸 (14년~현재),1608,20,11,816,I
우루스 (19년~현재),1948,47,11,956,I
테메라리오,2959,0,11,1341,I
A1 (10년~현재),1676,0,32,867,I
A3 4세대 (22년~현재),2731,1,32,174,I
A3 3세대 (14년~현재),1011,0,32,174,I
A3 2세대 (03~13년),273,0,32,174,I
A3 1세대 (96~03년),2188,0,32,174,I
A4 5세대 (16년~현재),1709,0,32,175,I
A4 4세대 (09~16년),1042,0,32,175,I
A4 3세대 (05~08년),274,0,32,175,I
A4 2세대 (01~06년),2189,0,32,175,I
A4 1세대 (94~01년),2190,0,32,175,I
A5 3세대 (25년~현재),2910,0,32,176,I
A5 2세대 (17년~현재),2021,1,32,176,I
A5 1세대 (11~16년),1545,1,32,176,I
A6 5세대 (19년~현재),2096,6,32,177,I
A6 4세대 (12~18년),1768,4,32,177,I
A6 3세대 (05~11년),1071,0,32,177,I
A6 2세대 (98~04년),275,0,32,177,I
A6 1세대 (94~97년),2201,0,32,177,I
A7 2세대 (20년~현재),2298,2,32,178,I
A7 1세대 (10~17년),1427,0,32,178,I
A8 4세대 (18년~현재),1907,9,32,179,I
A8 3세대 (11~17년),1316,3,32,179,I
A8 2세대 (02~10년),276,0,32,179,I
A8 1세대 (94~02년),2210,0,32,179,I
S3 4세대 (22년~현재),2898,0,32,1136,I
S3 3세대 (14~22년),2545,0,32,1136,I
S3 2세대 (06~13년),2544,0,32,1136,I
S3 1세대 (99~03년),2543,0,32,1136,I
S4 6세대 (17년~현재),2551,0,32,1137,I
S4 5세대 (08~16년),2550,0,32,1137,I
S4 (91~08년),2549,0,32,1137,I
S5 3세대 (25년~현재),2911,0,32,1139,I
S5 2세대 (18년~현재),2562,0,32,1139,I
S5 1세대 (07~17년),2556,0,32,1139,I
S6 (19년~현재),2712,0,32,1140,I
S6 (12~18년),2559,0,32,1140,I
S6 (94~11년),2558,0,32,1140,I
S7 2세대 (19년~현재),2555,1,32,1138,I
S7 1세대 (12~17년),2554,0,32,1138,I
S8 4세대 (19년~현재),2561,1,32,186,I
S8 3세대 (13~18년),1851,0,32,186,I
S8 (96~10년),2560,1,32,186,I
RS3 (23년~현재),2897,1,32,1132,I
RS3 (03~20년),2530,0,32,1132,I
RS4 2세대 (06~08년),2532,0,32,1133,I
RS4 1세대 (99~01년),2533,0,32,1133,I
RS5 (18년~현재),2541,0,32,1135,I
RS5 (10~17년),2540,0,32,1135,I
RS6 (13년~현재),2537,1,32,1134,I
RS6 (02~11년),2536,0,32,1134,I
RS7 (21년~현재),2542,2,32,187,I
RS7 (14~17년),1603,0,32,187,I
R8 2세대 (16년~현재),1880,2,32,185,I
R8 1세대 (06~15년),874,1,32,185,I
Q2 (18년~현재),1916,0,32,944,I
Q3 2세대 (20년~현재),2308,0,32,180,I
Q3 1세대 (12년~16년),1506,0,32,180,I
Q5 3세대 (25년~현재),2908,0,32,181,I
Q5 2세대 (20년~현재),2307,1,32,181,I
Q5 1세대 (08~16년),1055,0,32,181,I
Q7 2세대 (16년~현재),1703,2,32,182,I
Q7 1세대 (05~15년),834,0,32,182,I
Q8 (19년~현재),2014,2,32,976,I
SQ5 (20년~현재),2330,0,32,795,I
SQ5 (13~17년),1571,0,32,795,I
SQ7 (24년~현재),2867,0,32,1300,I
SQ8 (20년~현재),2350,2,32,1067,I
RS Q8 (19년~현재),2221,1,32,1035,I
뉴 TT [8S] (15년~현재),1764,0,32,184,I
뉴 TTS (15년~현재),1679,0,32,184,I
TT [8J] (06~14년),912,1,32,184,I
TT (98~06년),278,1,32,184,I
TTS (06~14년),1143,0,32,184,I
A6 e-트론 (25년~현재),2923,0,32,1321,I
S6 e-트론 (25년~현재),2926,0,32,1322,I
Q4 e-트론 (22년~현재),2744,0,32,1256,I
Q6 e-트론 (25년~현재),2895,0,32,1312,I
Q8 e-트론 (24년~현재),2843,0,32,1289,I
SQ6 e-트론 (25년~현재),2896,0,32,1313,I
SQ8 e-트론 (24년~현재),2844,0,32,1290,I
e-트론 (20년~현재),2320,2,32,1056,I
e-트론 GT (21년~현재),2471,0,32,1116,I
RS e-트론 GT (22년~현재),2748,1,32,1260,I
올로드콰트로 (99~05년),283,0,32,183,I
A4 올로드콰트로 (08~15년),2191,0,32,183,I
A2 (99~05년),2527,0,32,1130,I
V8 (88~94년),2526,0,32,1127,I
80 (66~96년),281,0,32,209,I
100 (68~94년),2528,0,32,1129,I
골프 8세대 (22년~현재),2703,2,44,310,I
골프 7세대 (13~19년),354,0,44,310,I
골프 6세대 (08~14년),2192,0,44,310,I
골프 5세대 (04~09년),2193,0,44,310,I
골프 4세대 (97~04년),2194,0,44,310,I
골프 3세대 (91~99년),2195,0,44,310,I
골프 (74~92년),2196,0,44,310,I
폴로 5세대 (09년~현재),873,0,44,812,I
폴로 4세대 (02~09년),2199,0,44,812,I
폴로 3세대 (94~02년),2198,0,44,812,I
폴로 (75~94년),2197,0,44,812,I
시로코 3세대 (08년~현재),1487,1,44,311,I
시로코 (74~92년),2202,0,44,311,I
더 비틀 3세대 (12년~현재),1532,0,44,312,I
뉴비틀 2세대 (98~12년),351,1,44,312,I
비틀 1세대 (38~03년),355,2,44,312,I
제타 7세대 (20년~현재),2347,0,44,319,I
제타 6세대 (11~17년),352,0,44,319,I
제타 5세대 (05~11년),2206,0,44,319,I
제타 4세대 (99~06년),2205,0,44,319,I
제타 3세대 (92~99년),2204,0,44,319,I
제타 (79~92년),2203,0,44,319,I
파사트 GT 8세대 (18년~현재),1895,0,44,313,I
파사트 7세대 (12~19년),356,0,44,313,I
파사트 6세대 (05~11년),2208,0,44,313,I
파사트 (73~05년),2207,0,44,313,I
파사트 바리안트 (73년~현재),849,0,44,313,I
뉴 CC (12~16년),1572,0,44,801,I
CC (08~12년),1051,0,44,801,I
아테온 (18년~현재),1955,0,44,961,I
아틀라스 (25년~현재),2906,0,44,962,I
아틀라스 1세대 (17~24년),1959,0,44,962,I
ID.4 (22년~현재),2745,0,44,1257,I
ID.5 (25년~현재),2905,0,44,1319,I
페이톤 (02~16년),760,1,44,314,I
티구안 올스페이스 2세대 (18년~현재),1930,0,44,315,I
티구안 2세대 (18년~현재),1906,0,44,315,I
티구안 1세대 (07~17년),977,0,44,315,I
투아렉 3세대 (20년~현재),2219,0,44,316,I
투아렉 2세대 (10년~18년),1424,0,44,316,I
투아렉 1세대 (02~10년),542,0,44,316,I
업! (11~현재),1725,0,44,894,I
이오스 (06~15년),883,0,44,317,I
루탄 (09~14년),2873,0,44,1304,I
리알타 (93~03년),360,0,44,881,I
벤토 (92~99년),353,0,44,883,I
보라 (99~05년),359,0,44,884,I
카르만기아 (55년~74년),541,0,44,886,I
코라도 (88년~95년),707,0,44,887,I
티록 (21년~현재),2368,0,44,1071,I
마이크로버스 (50년~79년),1421,1,44,888,I
샤란 (95년~현재),2563,0,44,1141,I
그랜드 캘리포니아 (21년~현재),2460,2,44,1113,I
T3 (79~02년),2899,1,44,1314,I
T4 (93~03년),2564,0,44,1143,I
T5 (03~15년),2449,0,44,1106,I
T6 (16년~현재),2222,0,44,1036,I
기타,2565,0,44,1144,I
IS 3세대 (13년~현재),1565,0,13,200,I
IS 2세대 (05~13년),173,1,13,200,I
IS 1세대 (98~05년),2223,0,13,200,I
ES 7세대 (18년~현재),1940,3,13,201,I
ES 6세대 (12~18년),1538,1,13,201,I
ES 5세대 (06~12년),169,0,13,201,I
ES 4세대 (01~06년),2224,0,13,201,I
ES (89~01년),2226,0,13,201,I
GS 4세대 (12~20년),1491,0,13,202,I
GS 3세대 (05~12년),171,1,13,202,I
GS (91~05년),2227,0,13,202,I
LS 5세대 (17년~현재),1889,0,13,203,I
LS 4세대 (06~17년),1552,0,13,203,I
LS 3세대 (00~06년),170,0,13,203,I
LS (89~00년),2228,0,13,203,I
CT (10년~현재),1607,0,13,208,I
LC (17년~현재),1845,0,13,929,I
SC 2세대 (01~10년),172,0,13,204,I
SC 1세대 (91~00년),2229,0,13,204,I
RX 5세대 (23년~현재),2786,1,13,205,I
RX 4세대 (16년~현재),1546,0,13,205,I
RX 3세대 (09~16년),174,1,13,205,I
RX 2세대 (03~09년),2231,0,13,205,I
RX 1세대 (97~03년),2230,0,13,205,I
RZ (23년~현재),2788,0,13,1273,I
GX 2세대 (09년~현재),775,0,13,206,I
GX 1세대 (02~09년),2233,0,13,206,I
LM (24년~현재),2853,2,13,1294,I
LX (25년~현재),2894,2,13,207,I
LX (96~21년),598,0,13,207,I
NX (22년~현재),2931,0,13,819,I
NX (14~21년),1622,1,13,819,I
UX (19년~현재),1986,0,13,968,I
RC (15년~현재),1651,1,13,837,I
LFA,2416,0,13,1089,I
HS (09년~17년),1227,0,13,210,I
쿠퍼 4세대 (24년~현재),2846,0,97,320,I
쿠퍼 일렉트릭 4세대 (24년~현재),2892,0,97,320,I
쿠퍼 3세대 (14~24년),1091,2,97,320,I
쿠퍼 일렉트릭 3세대 (22~24년),2709,0,97,320,I
쿠퍼 2세대 (07~13년),2242,2,97,320,I
쿠퍼 1세대 (01~06년),2241,0,97,320,I
쿠퍼 컨버터블 (25년~현재),2903,0,97,1037,I
쿠퍼 컨버터블 3세대 (16~24년),2237,1,97,1037,I
쿠퍼 컨버터블 2세대 (09~16년),2236,0,97,1037,I
쿠퍼 컨버터블 1세대 (05~08년),2235,0,97,1037,I
쿠퍼 쿠페 (11~15년),1459,0,97,321,I
쿠퍼 로드스터 (12~15년),2238,0,97,1038,I
쿠퍼 클럽맨 2세대 (15년~현재),1384,3,97,322,I
쿠퍼 클럽맨 1세대 (07~15년),2239,0,97,322,I
쿠퍼 컨트리맨 3세대 (24년~현재),2845,4,97,323,I
쿠퍼 컨트리맨 일렉트릭 (25년~현재),2891,0,97,323,I
쿠퍼 컨트리맨 2세대 (17년~현재),1385,1,97,323,I
쿠퍼 컨트리맨 1세대 (10~16년),2240,0,97,323,I
쿠퍼 페이스맨 (13~16년),1575,0,97,802,I
에이스맨 (25년~현재),2893,0,97,1311,I
원 (00년~현재),1137,0,97,324,I
E6 (21년~현재),2870,0,1023,1303,I
씨라이언 7,2934,0,1023,1328,I
씰 (25년~현재),2909,0,1023,1320,I
아토 3 (25년~현재),2871,0,1023,1302,I
DS3 크로스백 (19년~현재),2732,0,1021,1250,I
DS3 (16~18년),2736,0,1021,1250,I
DS4 (22년~현재),2733,0,1021,1251,I
DS4 크로스백 (16년~현재),2737,0,1021,1251,I
DS5 (16년~현재),2738,0,1021,1253,I
DS7 크로스백 (19년~현재),2734,0,1021,1252,I
유콘 5세대 (21년~현재),2376,1,77,388,I
유콘 4세대 (15년~현재),650,0,77,388,I
유콘 3세대 (07~14년),2244,0,77,388,I
유콘 (92~06년),2243,0,77,388,I
사바나밴 (96년~현재),651,5,77,389,I
벤츄라밴 (71~95년),648,0,77,390,I
사파리밴 (95~05년),654,0,77,391,I
소노마 픽업 2세대 (94~04년),2246,0,77,1039,I
소노마 픽업 1세대 (82~93년),2247,0,77,1039,I
시에라 (19년~현재),2248,4,77,1040,I
시에라 (14~19년),2249,0,77,1040,I
시에라 (06~13년),2250,0,77,1040,I
시에라 (75~06년),2251,0,77,1040,I
캐니언 픽업 (26년~현재),2964,0,77,392,I
캐니언 픽업 2세대 (04년~현재),1130,1,77,392,I
캐니언 픽업 1세대 (04~12년),2252,0,77,392,I
터레인 2세대 (17년~현재),2253,0,77,1041,I
터레인 1세대 (10~17년),2254,0,77,1041,I
아카디아 (26년~현재),2963,0,77,1042,I
아카디아 2세대 (17년~현재),2255,0,77,1042,I
아카디아 1세대 (06~16년),2256,0,77,1042,I
엔보이 (98~09년),2567,0,77,1145,I
지미 (83~94년),649,0,77,394,I
허머 EV (22년~현재),2834,14,77,1286,I
GT-R (07년~현재),1040,2,5,587,I
로그 2세대 (13년~현재),2259,0,5,739,I
로그 1세대 (07년~16년),1041,0,5,739,I
리프 2세대 (19년~현재),1983,0,5,932,I
리프 1세대 (10~18년),1809,0,5,932,I
마치 4세대 (10년~현재),72,0,5,585,I
마치 3세대 (02~10년),2292,0,5,585,I
마치 2세대 (92~02년),2291,0,5,585,I
마치 1세대 (82~92년),2290,0,5,585,I
맥시마 8세대 (15년~현재),2260,0,5,738,I
맥시마 7세대 (08~14년),79,0,5,738,I
맥시마 (03~08년),2568,0,5,738,I
무라노 3세대 (15년~현재),2262,0,5,583,I
무라노 2세대 (08~14년),89,0,5,583,I
무라노 1세대 (02~08년),2261,0,5,583,I
알티마 6세대 (19년~현재),2265,0,5,582,I
알티마 5세대 (12~18년),449,0,5,582,I
알티마 4세대 (07~12년),2264,0,5,582,I
알티마 (93~06년),2263,0,5,582,I
쥬크 (11년~현재),1599,0,5,813,I
캐시카이 (14년~현재),1652,0,5,835,I
큐브 3세대 (09~19년),802,0,5,581,I
큐브 2세대 (98~08년),2267,0,5,581,I
큐브 1세대 (98~02년),2569,0,5,581,I
티아나 (03년~현재),1485,0,5,737,I
패스파인더 4세대 (12년~현재),2268,0,5,751,I
패스파인더 3세대 (04~12년),86,0,5,751,I
패스파인더 (85~04년),2269,0,5,751,I
프론티어 3세대 (14년~현재),2270,0,5,584,I
프론티어 2세대 (04~14년),2571,0,5,584,I
프론티어 1세대 (97~04년),721,0,5,584,I
휘가로 (91~91년),73,1,5,589,I
180SX (89~98년),2273,0,5,1043,I
240SX (89~98년),87,0,5,736,I
370Z (08년~현재),1140,0,5,586,I
350Z (02~09년),450,1,5,586,I
300ZX (89~01년),1295,0,5,586,I
300ZX (83~89년),82,0,5,586,I
280ZX (79~83년),2754,0,5,586,I
S30Z (70~78년),2831,1,5,586,I
스카이라인 (57년~현재),2278,0,5,588,I
NV 밴 (11년~현재),1412,0,5,740,I
버사 2세대 (11년~현재),2287,0,5,741,I
버사 1세대 (04~12년),2286,0,5,741,I
스테이지아 2세대 (01~07년),1573,0,5,796,I
스테이지아 1세대 (96~01년),2285,0,5,796,I
시마 4세대 (01년~현재),75,0,5,742,I
시마 3세대 (96~01년),2284,0,5,742,I
시마 2세대 (91~96년),2283,0,5,742,I
시마 1세대 (88~91년),2282,0,5,742,I
실비아 7세대 (99~02년),77,0,5,743,I
실비아 6세대 (93~99년),2280,0,5,743,I
실비아 (64~93년),2279,0,5,743,I
알마다 2세대 (16년~현재),954,0,5,744,I
알마다 1세대 (03~16년),2281,0,5,744,I
엑스테라 (05~15년),1236,0,5,745,I
엑스테라 (00~04년),2572,0,5,745,I
엑스트레일 (19년~현재),1960,0,5,963,I
엘그란드 (97년~현재),796,1,5,746,I
윙로드 (06년~현재),1162,0,5,747,I
퀘스트 (93~16년),1357,0,5,748,I
타이탄 2세대 (16년~현재),2573,0,5,749,I
타이탄 1세대 (04~16년),970,0,5,749,I
파오 (89~91년),74,0,5,750,I
후가 (04년~현재),1315,0,5,752,I
글로리아 (59~04년),2574,0,5,1147,I
로렐 (68~02년),2575,0,5,1148,I
블루버드 실피 (00~12년),2576,0,5,1149,I
세드릭 (60~04년),2577,0,5,1150,I
세피로 (88~03년),2578,0,5,1151,I
프레지던트 (66~10년),2579,0,5,1152,I
코펜 (14년~현재),91,1,6,395,I
코펜 (02~13년),2581,0,6,395,I
미라 (80년~현재),1551,0,6,396,I
미라지노 (05~09년),92,0,6,938,I
미라지노 (99~04년),2583,0,6,938,I
마테리아 (06년~현재),946,0,6,397,I
분 (04년~현재),983,0,6,398,I
캐스트 (16년~현재),1718,0,6,892,I
탄토 (03년~현재),1657,0,6,843,I
웨이크 (14년~현재),1658,0,6,844,I
무브 (95년~현재),2584,0,6,1154,I
테리오스 (97년~현재),2585,0,6,1155,I
매그넘 (05~08년),1155,0,7,400,I
차저 (06년~현재),924,0,7,401,I
챌린저 (70년~현재),1135,5,7,402,I
바이퍼 (91년~현재),95,0,7,403,I
캘리버 (06~12년),851,0,7,404,I
다코타 (87~11년),725,2,7,405,I
듀란고 (98년~현재),944,0,7,406,I
램 픽업 (81년~현재),592,20,7,407,I
니트로 (06~12년),910,0,7,408,I
캐러밴 (84년~현재),1234,0,7,409,I
그랜드캐러밴 (84년~현재),1136,0,7,409,I
램 밴 (71년~현재),99,0,7,410,I
밴 (64~96년),98,0,7,411,I
스프린터 (03~10년),2294,0,7,1045,I
네온 (94년~현재),2669,0,7,1212,I
스텔스 (91~96년),2671,0,7,1213,I
어밴저 (95년~현재),96,0,7,412,I
C31 (17년~현재),2063,0,1014,1001,I
C32 (18년~현재),2064,0,1014,1002,I
C35 (17년~현재),2065,0,1014,1003,I
리치 6 (17년~현재),2782,0,1014,1272,I
리치 6 EV (23년~현재),2807,0,1014,1272,I
펜곤 ix5 (19년~현재),2067,0,1014,1005,I
데드라 (98~00년),162,0,10,616,I
델타 (79~99년),1615,0,10,834,I
라이브라 (98~05년),163,0,10,617,I
카파 (94~00년),161,0,10,618,I
테마 (84~94년),458,0,10,619,I
테시스 (01~09년),611,0,10,620,I
기타,460,0,10,621,I
디스커버리5 (17년~현재),1842,2,12,218,I
디스커버리4 (09~16년),1164,4,12,218,I
디스커버리3 (04~09년),764,0,12,218,I
디스커버리2 (99~05년),854,0,12,218,I
디스커버리1 (89~99년),166,0,12,218,I
디스커버리 스포츠 (15년~현재),1666,5,12,924,I
올 뉴 디펜더 (20년~현재),2322,8,12,219,I
디펜더 (83~16년),168,3,12,219,I
레인지로버 5세대 (22년~현재),2487,28,12,220,I
레인지로버 4세대 (13년~현재),1550,14,12,220,I
레인지로버 3세대 (02~12년),167,1,12,220,I
레인지로버 2세대 (94~02년),2488,0,12,220,I
레인지로버 1세대 (69~96년),2489,0,12,220,I
레인지로버 스포츠 (22년~현재),2755,6,12,925,I
레인지로버 스포츠 (13~22년),1595,3,12,925,I
레인지로버 스포츠 (05~14년),801,0,12,925,I
레인지로버 벨라 (17년~현재),1838,4,12,926,I
올 뉴 레인지로버 이보크 (19년~현재),2075,1,12,923,I
레인지로버 이보크 (11년~19년),1457,1,12,923,I
프리랜더2 (06~15년),894,0,12,221,I
뉴프리랜더 (04~06년),619,0,12,221,I
프리랜더 (97~04년),165,0,12,221,I
기타,464,0,12,222,I
미니,177,1,14,413,I
MGF (95~05년),176,0,14,848,I
75 (99~05년),2629,0,14,1174,I
에메야 (24년~현재),2877,0,15,1305,I
에미라 (21년~현재),2447,8,15,1105,I
에보라 (09년~현재),1297,0,15,225,I
엑시지 (00년~현재),956,1,15,223,I
엘리스 (96년~현재),180,1,15,224,I
엘레트라 (24년~현재),2878,0,15,1306,I
유로파 (06~10년),938,0,15,226,I
에스프리 (78~04년),487,0,15,227,I
2-일레븐 (07~11년),1061,0,15,228,I
340,1495,0,15,229,I
라구나 (93~15년),588,0,61,622,I
메간 (95년~현재),838,0,61,623,I
세닉,833,0,61,624,I
세닉 E-테크 일렉트릭,2925,0,61,624,I
스포츠 (96년~99년),1741,0,61,903,I
클리오 (90년~현재),587,0,61,625,I
트윙고 (92년~현재),589,0,61,626,I
에스빠스 (84년~현재),1207,0,61,627,I
벨사티스,1208,0,61,628,I
모뒤스,1219,0,61,629,I
MKC (14년~현재),1635,0,17,823,I
MKS (08년~현재),1028,0,17,325,I
MKX 2세대 (15~18년),877,0,17,326,I
MKX 1세대 (07~15년),2538,0,17,326,I
MKZ 2세대 (12~21년),859,0,17,327,I
MKZ 1세대 (05~12년),2525,0,17,327,I
MKT (09~19년),1346,0,17,328,I
LS (99~06년),185,0,17,331,I
네비게이터 (97년~현재),741,1,17,329,I
노틸러스 (23년~현재),2817,0,17,970,I
노틸러스 (19~23년),2000,0,17,970,I
에비에이터 (20년~현재),2216,1,17,330,I
에비에이터 (02~05년),623,0,17,330,I
컨티넨탈 10세대 (17년~현재),184,0,17,332,I
컨티넨탈 (39~02년),2539,0,17,332,I
올 뉴 코세어 (20년~현재),2306,0,17,1052,I
타운카 (81~11년),183,1,17,333,I
57 (02~12년),2047,2,1016,991,I
57s (05~12년),2055,2,1016,992,I
62 (02~12년),2056,2,1016,993,I
62s (06~10년),2057,0,1016,994,I
그란투리스모 2세대 (24년~현재),2848,1,18,415,I
그란투리스모 1세대 (07~19년),955,3,18,415,I
그란카브리오 2세대 (24년~현재),2849,0,18,416,I
그란카브리오 1세대 (07~23년),1246,0,18,416,I
그레칼레 (22년~현재),2756,1,18,1264,I
기블리 (13년~현재),476,3,18,840,I
르반떼 (16년~현재),1786,2,18,913,I
콰트로포르테 6세대 (13년~현재),637,9,18,417,I
콰트로포르테 5세대 (03~12년),2517,0,18,417,I
콰트로포르테 (63~01년),2518,0,18,417,I
스파이더,473,0,18,419,I
쿠페 (98~01년),475,0,18,418,I
MC12 (04~05년),1209,0,18,420,I
MC20 (21년~현재),2459,3,18,1112,I
바이터보 (81~94년),2672,1,18,841,I
GT2 스트라달레 (2026~현재),2961,0,18,1342,I
2 (데미오) (02년~현재),925,0,19,703,I
3 (스피드 악셀라) (03년~현재),1006,0,19,704,I
5 (99~18년),1355,0,19,705,I
6 (아텐자) (02~19년),1017,0,19,706,I
AZ-1 (92~94년),188,0,19,566,I
CX-7 (06~12년),889,0,19,567,I
CX-9 (07년~현재),1255,0,19,567,I
MX-5 (89년~현재),807,2,19,568,I
MX-6 (88~97년),190,0,19,568,I
RX-7 (78~02년),191,0,19,569,I
RX-8 (03~12년),712,0,19,569,I
유노스 (89~97년),189,0,19,570,I
트리뷰트 (00~11년),1347,0,19,708,I
MPV (88~16년),1445,0,19,709,I
프로시드 (65~06년),1035,0,19,707,I
B-시리즈 (61~06년),2695,0,19,1231,I
밀레니아 (93~02년),2696,0,19,1232,I
540C (16년~현재),2013,0,1003,975,I
570GT (16년~현재),1870,0,1003,931,I
570S (16년~현재),1693,7,1003,878,I
600LT (18년~현재),1957,1,1003,966,I
650S (14~17년),1618,1,1003,838,I
675LT (15~17년),1740,0,1003,902,I
720S (17년~현재),1877,5,1003,936,I
750S (24년~현재),2847,3,1003,1291,I
765LT (20년~현재),2393,1,1003,1084,I
GT (19년~현재),2100,3,1003,1009,I
MP4-12C (11~14년),1547,0,1003,785,I
세나 (19년~현재),2832,2,1003,1285,I
아투라 (21년~현재),2418,2,1003,1091,I
그랜드마퀴스 (83~11년),517,0,60,631,I
마운티니어,1348,0,60,633,I
몬테고,1211,0,60,634,I
미스틱 (95~00년),516,0,60,635,I
빌리저 (93~02년),518,0,60,637,I
세이블 (85~09년),515,0,60,638,I
기타,519,0,60,639,I
플러스 4 (50년~현재),2823,0,1022,1280,I
플러스 8 (68년~현재),2825,1,1022,1281,I
모델 6 (19년~현재),2824,0,1022,1282,I
랜서 (73년~현재),1060,0,20,529,I
랜서에볼루션 (92~16년),198,1,20,530,I
아웃랜더 (01년~현재),814,0,20,531,I
파제로 (82~19년),202,0,20,698,I
RVR (10년~현재),1453,0,20,699,I
이클립스 (90~12년),195,0,20,532,I
3000GT (95~99년),203,0,20,700,I
FTO (94~00년),197,0,20,701,I
GTO (90~01년),196,0,20,702,I
갤랑 (69~12년),2673,0,20,1214,I
디아망테 (90~05년),2674,0,20,1215,I
아이 (06~13년),1033,0,20,533,I
트라이톤 (78년~현재),2675,0,20,1216,I
뉴 가류 (10년~현재),937,0,82,534,I
가류3 (06~09년),2209,0,82,534,I
가류2 (96~05년),1171,0,82,534,I
누에라 (04~12년),868,0,82,590,I
라세드 (90~06년),779,1,82,593,I
록스타,2929,1,82,1325,I
레인보우 (18년~현재),1941,0,82,953,I
뷰트 (93년~현재),905,0,82,592,I
오로치 (06~14년),1578,0,82,803,I
히미코 (08년~현재),1579,0,82,804,I
MC-1 (98~07년),821,0,82,594,I
기타,869,0,82,535,I
C30 (07~13년),2425,0,23,1095,I
C40 리차지 (22년~현재),2676,0,23,1217,I
C70 2세대 (98~13년),226,0,23,383,I
C70 1세대 (96~05년),2512,0,23,383,I
EX30 CC (25년~현재),2946,0,23,1284,I
EX30 (24년~현재),2830,0,23,1284,I
EX40 (25년~현재),2904,0,23,1318,I
S40 2세대 (04~12년),2426,0,23,1096,I
S40 1세대 (96~04년),2427,0,23,1096,I
S60 3세대 (19년~현재),2431,0,23,1097,I
S60 2세대 (11~18년),2429,0,23,1097,I
S60 크로스컨트리 2세대 (15~18년),2430,0,23,1097,I
S60 1세대 (00~10년),2428,0,23,1097,I
S70 (98~00년),2432,0,23,1098,I
S80 2세대 (06~16년),2433,0,23,1099,I
S80 1세대 (99~06년),2434,0,23,1099,I
S90 2세대 (16년~현재),1765,0,23,384,I
S90 1세대 (97~98년),902,0,23,384,I
V40 크로스컨트리 (15년~현재),2437,0,23,1100,I
V40 2세대 (13~19년),2436,1,23,1100,I
V40 1세대 (96~04년),2435,0,23,1100,I
V50 (04~12년),2438,0,23,1101,I
V60 크로스컨트리 2세대 (19년~현재),2441,0,23,1102,I
V60 크로스컨트리 1세대 (15~18년),2440,0,23,1102,I
V60 1세대 (11~18년),2439,0,23,1102,I
V70 3세대 (08~16년),2444,0,23,1103,I
V70 2세대 (00~08년),2443,0,23,1103,I
V70 1세대 (97~00년),2442,0,23,1103,I
V90 크로스컨트리 (17년~현재),1821,0,23,385,I
XC40 (18년~현재),2419,0,23,1092,I
XC40 리차지 (22년~현재),2677,0,23,1092,I
XC60 2세대 (17년~현재),2421,5,23,1093,I
XC60 1세대 (09~17년),2420,0,23,1093,I
XC70 3세대 (08~16년),2424,0,23,1094,I
XC70 2세대 (00~07년),2423,0,23,1094,I
XC70 1세대 (97~00년),2422,0,23,1094,I
XC90 2세대 (16년~현재),1716,2,23,386,I
XC90 1세대 (03~15년),483,1,23,386,I
240,234,0,23,387,I
740 (84~92년),2678,0,23,1218,I
850 (92~97년),225,1,23,850,I
940 (90~98년),223,0,23,851,I
960 (90~97년),2630,0,23,1175,I
FH,2631,0,23,1176,I
FH16,2632,0,23,1177,I
FM11,2633,0,23,1178,I
FE,2635,0,23,1179,I
FL,2634,0,23,1180,I
CK (15년~현재),1695,0,1009,874,I
켄보600 (17년~현재),1839,0,1009,927,I
베이론 (05~15년),941,1,88,283,I
시론 (16년~현재),2318,0,88,1055,I
르사블 (59~05년),237,0,24,640,I
리갈 (73~04년),236,0,24,641,I
리비에라 (63~99년),238,0,24,642,I
센츄리 (36~05년),492,0,24,643,I
스카이락 (53~98년),1296,0,24,644,I
엔클라브 (08년~현재),1338,0,24,645,I
파크애비뉴 (91~12년),235,0,24,646,I
GT (03년~현재),1167,0,99,290,I
로드스터,1168,0,99,291,I
뉴 9-3 (08~14년),952,1,25,236,I
9-3 (98~08년),241,0,25,236,I
뉴 9-5 (09~12년),953,1,25,237,I
9-5 (97~09년),242,0,25,237,I
900 (78~98년),239,1,25,239,I
9000 (84~97년),240,0,25,240,I
두에고 (12년~현재),2901,0,1025,1316,I
뷰 (02~10년),1072,0,94,422,I
스카이 (07~10년),1073,0,94,423,I
아스트라 (08~09년),1104,0,94,424,I
아웃룩 (07~10년),1105,0,94,425,I
아우라 (07~10년),1106,0,94,426,I
포투 3세대 (15년~현재),2070,2,1015,985,I
포투 2세대 (08~16년),2069,0,1015,985,I
포투 1세대 (98~07년),2068,0,1015,985,I
포포 (14년~현재),2072,0,1015,986,I
포포 (04~06년),2071,0,1015,986,I
로드스터 (03~06년),2061,0,1015,987,I
크로스블레이드 (02년),2062,0,1015,988,I
C/K,496,0,29,451,I
HHR (05~11년),930,0,29,448,I
S10 픽업 (82~04년),498,0,29,449,I
SSR (03~06년),747,0,29,445,I
볼트 (10~15년),2293,0,29,1044,I
블레이저 (83~05년),255,0,29,446,I
트레일블레이저 (02년~현재),1152,0,29,446,I
서버밴 (21년~현재),2362,3,29,439,I
서버밴 (15~20년),2361,0,29,439,I
서버밴 (07~14년),2360,2,29,439,I
서버밴 (00~06년),2359,0,29,439,I
서버밴 (35~99년),256,0,29,439,I
스텝밴,2388,0,29,1081,I
실버라도 픽업 (98년~현재),261,1,29,443,I
아발란치 (02~13년),704,0,29,442,I
아스트로밴 (95~05년),253,0,29,441,I
익스프레스밴 (64년~현재),1780,16,29,910,I
임팔라,1711,0,29,890,I
체비밴 (64년~현재),257,1,29,438,I
카마로,252,1,29,436,I
콜로라도 (04년~현재),1351,0,29,444,I
콜벳 (52년~현재),251,3,29,437,I
캠핑카,260,1,29,447,I
타호 (95년~현재),958,1,29,440,I
트럭밴 (64~96년),1562,0,29,791,I
트랙커,2373,1,29,1075,I
픽업 (60~02년),497,0,29,450,I
루미나밴 (90~96년),254,0,29,435,I
벤처 (96~05년),971,0,29,435,I
에퀴녹스 (05년~현재),1339,0,29,435,I
캐벌리어,258,0,29,435,I
코발트 (04~10년),1333,0,29,435,I
트래버스 (09년~현재),1340,0,29,435,I
기타,499,0,29,435,I
레가시 (89년~현재),813,0,27,430,I
아웃백 (95~12년),1034,1,27,432,I
임프레자 (93년~현재),247,0,27,428,I
임프레자 WRX,1046,0,27,429,I
포레스터 (97년~현재),1250,0,27,431,I
아르시오네 SVX (85~91년),2682,0,27,1222,I
트리베카 (06~14년),2683,0,27,1223,I
R1 (05~10년),1014,0,27,433,I
R2 (03~10년),2684,0,27,1224,I
그랜드 비타라 (98년~현재),1134,0,28,761,I
사이드킥 (89년~현재),250,0,28,755,I
솔리오 (99년~현재),1003,0,28,758,I
스위프트 (04년~현재),901,0,28,536,I
스페시아 (13년~현재),1937,0,28,950,I
왜건 R (93년~현재),981,0,28,757,I
이그니스 (16년~현재),2111,1,28,1010,I
알토 (79년~현재),1727,0,28,895,I
알토라팡 (02년~현재),1157,1,28,538,I
짐니 (98년~현재),622,6,28,760,I
카푸치노 (91~97년),249,0,28,756,I
케이 (98~09년),703,0,28,537,I
트윈 (03~05년),2325,0,28,1059,I
허슬러 (14년~현재),1626,0,28,822,I
시보레 크루즈,1000,0,28,539,I
R470,1299,0,103,288,I
히노,1395,0,103,289,I
R450,2636,0,103,1181,I
R480,2637,0,103,1182,I
R490,2638,0,103,1183,I
R500,2639,0,103,1184,I
R560,2640,0,103,1185,I
R580,2641,0,103,1186,I
R620,2642,0,103,1187,I
G400,2643,0,103,1188,I
G410,2644,0,103,1193,I
G420,2645,0,103,1189,I
G440,2646,0,103,1190,I
G450,2647,0,103,1191,I
G500,2648,0,103,1192,I
P280,2649,0,103,1194,I
P360,2650,0,103,1195,I
P400,2651,0,103,1196,I
500S,2652,0,103,1197,I
540S,2653,0,103,1198,I
S650,2654,0,103,1199,I
C8 (00년~현재),1064,0,93,434,I
C3 (02년~현재),904,0,30,453,I
C3 에어크로스 (19년~현재),2103,1,30,453,I
그랜드 C4 스페이스투어러 (19년~현재),1975,0,30,453,I
C4 피카소 (13년~현재),1744,0,30,453,I
그랜드 C4 피카소 (13~18년),1745,0,30,453,I
C4 칵투스 (16년~현재),1746,0,30,453,I
C5 에어크로스 (19년~현재),1989,0,30,453,I
C5 (01년~현재),501,0,30,453,I
DS3 (10~15년),1504,0,30,905,I
DS4 (10~15년),1533,0,30,905,I
DS5 (11~15년),1548,0,30,905,I
잔티아 (93~01년),263,0,30,454,I
4C (13~20년),1617,0,33,832,I
147 (00~10년),789,0,33,604,I
156 (97~07년),799,0,33,605,I
156 GTA (97~07년),1036,0,33,606,I
159 (06~12년),856,0,33,609,I
164 (88~97년),285,0,33,607,I
166 (98~07년),858,0,33,608,I
GT (03~10년),1057,0,33,610,I
GTV (94~05년),286,0,33,611,I
미토 (08~18년),1225,0,33,613,I
브레라 (05~11년),857,0,33,541,I
스파이더 (66~93년),284,0,33,612,I
줄리아 (15년~현재),2015,0,33,977,I
줄리에타 (10~20년),1632,1,33,833,I
A110 (18년~현재),2710,1,1020,1242,I
DB7 (94~04년),2679,0,62,1219,I
DB9 (04~16년),2680,0,62,1220,I
DB11 (17년~현재),1828,6,62,272,I
DB12 (24년~현재),2902,2,62,1317,I
DBS (07년~현재),999,2,62,275,I
DBX (20년~현재),2217,2,62,1034,I
라피드 (10년~현재),1256,2,62,276,I
V8 밴티지 (25년~현재),2953,1,62,273,I
밴티지 2세대 (18년~현재),2553,8,62,273,I
V8 밴티지 1세대 (05~17년),800,0,62,273,I
V12 밴티지 1세대 (09~18년),1264,2,62,273,I
뱅퀴시 2세대 (12~18년),830,1,62,274,I
뱅퀴시 1세대 (01~07년),585,1,62,274,I
CL (97~03년),1078,0,95,595,I
RL (96~12년),1076,0,95,596,I
TL (96~14년),1077,0,95,597,I
TSX (04~14년),1079,0,95,598,I
ZDX (10~13년),1337,0,95,599,I
MDX (01년~현재),1082,0,95,600,I
RDX (06년~현재),1083,0,95,601,I
RSX (02~06년),1080,0,95,602,I
인테그라 (86년~현재),1265,0,95,603,I
스피드스터 (01~06년),292,0,34,475,I
벡트라 (88~08년),290,0,34,653,I
비타 (82년~현재),289,0,34,654,I
아스트라 (91년~현재),287,0,34,655,I
오메가 (86~03년),507,0,34,656,I
카데트 (36~93년),293,0,34,657,I
코르사 (82년~현재),610,0,34,659,I
티그라 (94~09년),288,0,34,660,I
FX4 (58~97년),1733,0,1011,898,I
미니 (59~88년),1732,0,1011,897,I
기타,1734,0,1011,899,I
88LSS (92~99년),509,0,35,647,I
실루엣 (90~04년),296,0,35,648,I
델타 88 (65~88년),295,0,35,650,I
슈퍼세븐,781,0,83,455,I
그레나디어 (21년~현재),2900,1,1024,1315,I
데일리 (78년~현재),1949,2,1013,957,I
스트라리스,2656,0,1013,1201,I
트래커,2658,0,1013,1203,I
S웨이,2655,0,1013,1200,I
X웨이,2657,0,1013,1202,I
T웨이,2659,0,1013,1204,I
유로카고,2660,0,1013,1205,I
뮤,298,0,36,459,I
로데오 (91년~현재),297,0,36,460,I
비크로스,299,0,36,461,I
엘프,1933,0,36,948,I
디맥스,2661,0,36,1206,I
포워드,2662,0,36,1207,I
트루퍼 (81~05년),1365,0,36,462,I
기타,510,0,36,462,I
G25 (11~13년),1359,0,81,242,I
G35 (03~08년),1275,0,81,242,I
G37 (07~13년),1276,0,81,242,I
I35 (01~04년),1795,0,81,916,I
올 뉴 M (10~13년),1242,0,81,243,I
M (03~10년),1277,0,81,243,I
Q30 (16년~현재),1761,0,81,244,I
Q50 (14년~현재),1760,0,81,244,I
Q60 (14년~현재),1759,0,81,244,I
Q70 (14년~현재),1758,0,81,244,I
Q45 (90~09년),1757,0,81,244,I
EX (08~13년),1279,0,81,245,I
올 뉴 FX (09~13년),1023,0,81,246,I
FX (03~09년),1280,1,81,246,I
JX (12~13년),1528,0,81,764,I
QX30 (19년~현재),1958,0,81,247,I
올 뉴 QX50 (19년~현재),1978,2,81,247,I
QX50 (14~18년),1756,0,81,247,I
QX60 (14년~현재),1755,0,81,247,I
QX70 (14년~현재),1754,0,81,247,I
QX80 (14년~현재),1753,0,81,247,I
QX33 (97~03년),1752,0,81,247,I
QX35 (97~03년),1762,0,81,247,I
QX56 (04~13년),1751,0,81,247,I
기타,1531,0,81,765,I
E페이스 (18년~현재),1905,0,37,941,I
F페이스 (16년~현재),1731,0,37,896,I
I페이스 (18년~현재),1938,0,37,951,I
E타입 (61~74년),2746,3,37,1258,I
F타입 (13년~현재),1568,2,37,798,I
S타입 (99~08년),306,0,37,484,I
X타입 (01~09년),305,0,37,483,I
XE (15년~현재),1677,1,37,868,I
뉴 XF (16년~현재),1721,1,37,485,I
XF (08~15년),965,2,37,485,I
XJ 8세대 (10년~현재),1223,4,37,487,I
XJ (68~09년),511,0,37,487,I
XJ (94~03년),2511,0,37,487,I
XJ6 (68~07년),300,4,37,488,I
XJ8 (97~09년),301,2,37,489,I
XJ12 (68~92년),2303,0,37,1050,I
XJR (89년~현재),1048,0,37,828,I
뉴 XK (11년~15년),1517,2,37,490,I
XK (96~11년),816,0,37,490,I
XK8 (96~07년),302,0,37,490,I
XJS (75~96년),303,0,37,491,I
다임러 (68~09년),304,0,37,492,I
소버린 (68~09년),763,0,37,493,I
기타,512,2,37,494,I
글래디에이터 (19년~현재),2024,2,96,980,I
레니게이드 (15년~현재),1694,1,96,875,I
랭글러 4세대 (18년~현재),1929,9,96,337,I
랭글러 3세대 (07~17년),1085,5,96,337,I
랭글러 2세대 (96~06년),2491,2,96,337,I
랭글러 1세대 (87~95년),2494,2,96,337,I
리버티 (02~12년),1109,0,96,339,I
어벤저 (24년~현재),2861,0,96,1297,I
체로키 5세대 (14년~현재),2688,1,96,1225,I
체로키 4세대 (08~13년),2687,0,96,1225,I
체로키 3세대 (02~07년),2686,0,96,1225,I
체로키 (74~01년),2685,2,96,1225,I
그랜드 체로키 5세대 (21년~현재),2461,0,96,336,I
그랜드 체로키 4세대 (10~21년),1317,2,96,336,I
그랜드 체로키 3세대 (05~10년),1087,0,96,336,I
그랜드 체로키 2세대 (99~04년),2499,0,96,336,I
그랜드 체로키 1세대 (93~98년),2500,0,96,336,I
커맨더 (06~10년),1089,0,96,338,I
컴패스 2세대 (17년~현재),1923,0,96,335,I
컴패스 1세대 (07~17년),1088,0,96,335,I
패트리어트 (07~16년),1108,0,96,340,I
ATS (13년~현재),1563,0,38,793,I
BLS (05~09년),845,0,38,263,I
CT4 (20년~현재),2323,0,38,1057,I
CT5 (20년~현재),2324,1,38,1058,I
CT6 (16년~현재),1735,1,38,900,I
CTS 3세대 (14년~현재),1621,0,38,264,I
CTS 2세대 (08~14년),1016,1,38,264,I
CTS 1세대 (02~08년),311,0,38,264,I
DTS (06~11년),804,2,38,265,I
뉴 STS (08~12년),1797,0,38,266,I
STS (05~07년),771,0,38,266,I
올 뉴 SRX (09~16년),1245,0,38,267,I
SRX (04~09년),635,0,38,267,I
XLR (04~09년),853,0,38,268,I
XT4 (21년~현재),2370,0,38,1072,I
XT5 (16년~현재),1782,0,38,912,I
XT6 (20년~현재),2299,0,38,1047,I
XTS (13년~현재),2001,0,38,971,I
리릭 (24년~현재),2851,0,38,1292,I
에스컬레이드 5세대 (21년~현재),2353,16,38,269,I
에스컬레이드 4세대 (15~20년),1612,2,38,269,I
에스컬레이드 3세대 (07~14년),636,0,38,269,I
에스컬레이드 2세대 (02~06년),2355,0,38,269,I
에스컬레이드 IQ,2936,0,38,1330,I
드빌 (49~05년),307,1,38,270,I
스빌,2597,0,38,1160,I
엘도라도 (53~02년),310,0,38,854,I
플리트우드 (47~96년),309,0,38,853,I
컨코어 (94년~현재),308,1,38,271,I
CCX (06~10년),1024,0,89,285,I
CCR (04~06년),1025,0,89,286,I
CCXR (06~10년),1026,0,89,287,I
200 (15~17년),1739,1,39,763,I
200 (10~14년),1534,0,39,763,I
더 뉴 300C (12년~현재),1678,0,39,466,I
올 뉴 300C (11~12년),1431,0,39,466,I
300C (05~10년),716,2,39,466,I
300M (99~04년),317,0,39,467,I
LHS (94년~현재),318,0,39,470,I
PT크루저 (00~10년),314,0,39,464,I
뉴 그랜드보이저 (08년~현재),1022,0,39,471,I
그랜드보이저 (88~08년),320,0,39,471,I
보이저 (00년~현재),555,0,39,471,I
비전 (93~97년),323,0,39,473,I
뉴 세브링 (07~10년),1013,0,39,465,I
세브링 (95~07년),324,0,39,465,I
스트라투스 (95~00년),316,0,39,474,I
그랜드캐러밴 (84년~현재),556,0,39,472,I
캐러밴 (84년~현재),528,0,39,472,I
크로스파이어 (04~07년),702,0,39,469,I
퍼시피카 2세대 (17년~현재),2314,0,39,468,I
퍼시피카 1세대 (04~08년),766,0,39,468,I
프라울러 (01~02년),1581,2,39,805,I
네온 (95~06년),526,0,39,463,I
뉴요커 (39~97년),2665,0,39,1209,I
콩코드 (93~04년),2666,0,39,1210,I
타운&컨트리 (90~16년),2667,0,39,1211,I
모델 3 (19년~현재),2090,6,1006,1006,I
모델 S (12년~현재),1620,2,1006,839,I
모델 X (17년~현재),1952,4,1006,972,I
모델 Y (21년~현재),2371,2,1006,1073,I
사이버트럭 (24년~현재),2869,2,1006,1301,I
GR 86 (22년~현재),2723,0,9,571,I
86 (12년~현재),1510,0,9,571,I
프리우스 5세대 (23년~현재),2820,0,9,573,I
프리우스 4세대 (15~22년),2521,0,9,573,I
프리우스 3세대 (09~15년),602,0,9,573,I
프리우스 2세대 (04~09년),2586,0,9,573,I
프리우스 1세대 (97~03년),2587,0,9,573,I
프리우스 프라임 (17년~현재),1826,0,9,573,I
프리우스C (18년~현재),1901,0,9,573,I
프리우스V (12년~현재),1654,0,9,573,I
캠리 (24년~현재),2868,0,9,574,I
캠리 8세대 (17~24년),1878,0,9,574,I
캠리 7세대 (12~17년),1482,2,9,574,I
캠리 6세대 (07~11년),2589,0,9,574,I
캠리 5세대 (01~06년),2588,0,9,574,I
캠리 (80~12년),131,0,9,574,I
라브4 5세대 (19년~현재),1998,0,9,576,I
라브4 4세대 (12~18년),146,0,9,576,I
라브4 3세대 (05~12년),2522,1,9,576,I
라브4 2세대 (01~05년),2590,0,9,576,I
라브4 1세대 (94~00년),2591,0,9,576,I
시에나 4세대 (20년~현재),2520,1,9,577,I
시에나 3세대 (10~20년),898,1,9,577,I
시에나 2세대 (03~10년),2592,0,9,577,I
시에나 1세대 (97~02년),2593,0,9,577,I
타코마 픽업 3세대 (16년~현재),153,1,9,578,I
타코마 픽업 2세대 (05~15년),2598,1,9,578,I
타코마 픽업 1세대 (95~04년),2599,0,9,578,I
툰드라 3세대 (22년~현재),2462,0,9,579,I
툰드라 2세대 (07~21년),134,3,9,579,I
툰드라 1세대 (00~06년),2600,0,9,579,I
FJ크루져 (06~14년),828,1,9,575,I
bB 2세대 (06~16년),769,0,9,710,I
bB 1세대 (00~05년),2601,0,9,710,I
C-HR (16년~현재),1927,0,9,947,I
IQ (08~16년),1226,0,9,711,I
MR-S 3세대 (99~07년),152,0,9,712,I
MR-2 2세대 (84~07년),151,0,9,712,I
MR 1세대 (84~07년),2602,0,9,712,I
4러너 5세대 (10년~현재),2603,0,9,713,I
4러너 4세대 (03~09년),2604,0,9,713,I
4러너 (84~02년),793,0,9,713,I
노아 (01년~현재),891,0,9,714,I
루미,2940,0,9,1333,I
랜드크루저 (51년~현재),140,2,9,715,I
랜드크루저 프라도 (85년~현재),2605,0,9,715,I
베르소,2391,0,9,1083,I
매트릭스 2세대 (09~14년),2606,0,9,716,I
매트릭스 1세대 (03~08년),985,0,9,716,I
벤자 (09~15년),1539,0,9,767,I
벨파이어 (08~현재),1894,0,9,940,I
복시 (01~13년),1329,0,9,717,I
사이언,776,0,9,718,I
세라 (90~96년),150,0,9,719,I
세콰이어 (00년~현재),158,0,9,845,I
센츄리,945,0,9,720,I
셀리카 (70~06년),135,1,9,721,I
셀시오 (89년~현재),144,0,9,846,I
소아라 (81~04년),130,0,9,722,I
솔라라 (04~08년),767,0,9,723,I
솔라라 (99~03년),2607,0,9,723,I
GR 수프라 (20년~현재),2321,1,9,724,I
수프라 (78~02년),128,0,9,724,I
스프린터,783,0,9,725,I
아이고 2세대 (15~21년),1469,0,9,917,I
아이고 1세대 (05~14년),2608,0,9,917,I
아발론 5세대 (18년~현재),1946,0,9,726,I
아발론 4세대 (13~18년),132,0,9,726,I
아발론 3세대 (04~12년),2609,0,9,726,I
아발론 2세대 (00~05년),2610,0,9,726,I
아발론 1세대 (94~99년),2611,0,9,726,I
알테자 (98~05년),145,0,9,727,I
알파드 (23년~현재),2802,7,9,847,I
알파드 (15~22년),984,0,9,847,I
알파드 (08~15년),2612,0,9,847,I
알파드 (02~08년),2613,0,9,847,I
GR 야리스 (20년~현재),2390,1,9,728,I
야리스(비츠) (99년~현재),890,0,9,728,I
위시 (03년~현재),1664,0,9,859,I
윌 (01~05년),713,0,9,729,I
입섬 2세대 (01~10년),1345,0,9,730,I
입섬 1세대 (95~01년),2614,0,9,730,I
코롤라 (66년~현재),147,0,9,572,I
크라운 (23년~현재),2796,0,9,731,I
크라운 (03~22년),2615,0,9,731,I
크라운 (55년~03년),142,0,9,731,I
하이랜더 4세대 (20년~현재),2411,0,9,733,I
하이랜더 3세대 (14년~19년),879,0,9,733,I
하이랜더 2세대 (08~13년),2410,0,9,733,I
하이랜더 1세대 (01~07년),2409,0,9,733,I
하이럭스서프 (84~09년),133,0,9,734,I
하이에이스 (66년~현재),2374,0,9,1076,I
해리어 (97년~현재),141,0,9,735,I
락티스 (05~17년),2616,0,9,1161,I
마크2 (68~04년),2617,0,9,1162,I
마크X (09~19년),2717,0,9,1244,I
마크X (05~09년),2715,0,9,1244,I
마크X 지오 (07~13년),2716,0,9,1245,I
비스타 (82~03년),2618,0,9,1163,I
시엔타 (03년~현재),2619,0,9,1164,I
에스티마 (90~19년),2620,0,9,1165,I
윈덤 (89~06년),2621,0,9,1166,I
이스트 (02~16년),2622,0,9,1167,I
체이서 (77~01년),2623,0,9,1168,I
카미 (99~05년),2624,0,9,1169,I
파쏘 (04년~현재),2625,0,9,1170,I
포르테 (04~20년),2626,0,9,1171,I
그랑비아,2627,0,9,1172,I
프리비아 (90~19년),2628,0,9,1173,I
기타,456,0,9,580,I
존다 (99~11년),822,0,84,278,I
후에이라 (11년~현재),1458,0,84,279,I
E150 (97~15년),1866,0,42,508,I
E350 (97~15년),1867,0,42,508,I
E450,1868,1,42,508,I
이코노라인 (61년~현재),1486,0,42,508,I
F150 (97년~현재),1862,26,42,509,I
F250 (97년~현재),1863,1,42,509,I
F350 (80년~현재),1864,1,42,509,I
F450 (04년~현재),1865,0,42,509,I
기타[F-시리즈] (73년~현재),514,0,42,509,I
GT (03~08년),893,0,42,512,I
S-MAX (06~15년),978,0,42,510,I
레인져 (83년~현재),942,1,42,506,I
머스탱 7세대 (24년~현재),2826,0,42,507,I
머스탱 6세대 (14~24년),342,5,42,507,I
머스탱 5세대 (05~14년),2504,2,42,507,I
머스탱 4세대 (94~04년),2505,0,42,507,I
머스탱 (64~93년),2506,1,42,507,I
몬데오 4세대 (15~22년),966,0,42,496,I
몬데오 3세대 (07~14년),2509,0,42,496,I
몬데오 2세대 (00~07년),338,0,42,496,I
몬데오 1세대 (93~00년),2510,0,42,496,I
브롱코 (21년~현재),2452,4,42,855,I
브롱코 (66~96년),332,0,42,855,I
윈드스타 (94~04년),336,0,42,794,I
뉴 이스케이프 3세대 (13~20년),1798,0,42,501,I
이스케이프 2세대 (08~12년),1021,0,42,501,I
이스케이프 1세대 (01~07년),341,0,42,501,I
익스페디션 (18년~현재),2379,2,42,505,I
익스페디션 (07~17년),848,0,42,505,I
익스페디션 (03~06년),2378,0,42,505,I
익스페디션 (97~02년),2377,0,42,505,I
익스플로러 6세대 (20년~현재),2089,0,42,502,I
익스플로러 5세대 (12~19년),1454,1,42,502,I
익스플로러 4세대 (06~11년),337,0,42,502,I
익스플로러 3세대 (01~05년),2501,1,42,502,I
익스플로러 2세대 (95~01년),2502,0,42,502,I
익스플로러 1세대 (90~95년),2503,0,42,502,I
썬더버드 (55~05년),748,1,42,511,I
스포츠트랙 (01~10년),884,0,42,504,I
쿠가 (12~19년),1687,0,42,872,I
뉴 토러스 6세대 (09~18년),1200,0,42,499,I
토러스 5세대 (07~09년),339,0,42,499,I
토러스 4세대 (00~07년),2507,0,42,499,I
토러스 (85~99년),2508,0,42,499,I
트랜짓 (65년~현재),1354,1,42,907,I
파이브 헌드레드 (05~07년),746,0,42,500,I
퓨전 2세대 (12~20년),1544,0,42,498,I
퓨전 1세대 (06~12년),998,0,42,498,I
포커스 3세대 (10~18년),1437,0,42,497,I
포커스 (98~10년),1334,0,42,497,I
프리스타일 (05~09년),803,0,42,503,I
피에스타 (76년~현재),2697,0,42,1233,I
에어로스타 (86~97년),2698,0,42,1234,I
이코노밴 (85~90년),2699,0,42,1235,I
엣지 (07년~현재),2700,0,42,1236,I
프로브 (89~97년),2701,0,42,1237,I
플렉스 (09~19년),1342,0,42,495,I
기타,2702,0,42,1238,I
사우바나 (15년~현재),1706,0,1008,891,I
툰랜드 (12년~현재),1665,0,1008,860,I
아오마크 (05년~현재),2694,0,1008,1230,I
그랑프리 (62~08년),366,0,45,681,I
그랜드앰 (73~05년),362,0,45,682,I
솔스티스 (06~09년),809,0,45,683,I
트랜스앰 (69~02년),364,0,45,684,I
파이어버드 (67~02년),361,0,45,685,I
G8 (08~09년),2395,0,45,1085,I
보네빌 (57~05년),2689,0,45,1226,I
선파이어 (95~05년),2690,0,45,1227,I
트랜스포트 (89~98년),368,0,45,687,I
피에로 (84~88년),2692,0,45,1228,I
기타,2693,0,45,1229,I
폴스타 2 (22년~현재),2708,1,1019,1241,I
폴스타 4 (24년~현재),2858,0,1019,1296,I
107 (05~14년),1251,0,46,545,I
1007 (04~09년),885,0,46,546,I
206 (98~10년),1283,0,46,548,I
207 (06~13년),1284,0,46,549,I
e-208 (20년~현재),2334,0,46,768,I
208 (13~19년),1541,0,46,768,I
2008 (20년~현재),2335,0,46,827,I
e-2008 (20년~현재),2336,0,46,827,I
2008 (13~20년),1640,2,46,827,I
306 (93~02년),371,0,46,550,I
307 (01~09년),1286,0,46,552,I
308 3세대 (22년~현재),2728,0,46,553,I
308 2세대 (14년`현재),2727,0,46,553,I
308 1세대 (07~14년),1287,1,46,553,I
3008,2916,0,46,554,I
3008 2세대 (17년~현재),1837,0,46,554,I
3008 1세대 (09~17년),1243,1,46,554,I
405 (87~97년),372,0,46,555,I
406 (95~04년),373,0,46,556,I
407 (04~10년),1288,0,46,557,I
408 (23년~현재),2797,0,46,1276,I
505 (79~92년),378,0,46,558,I
508 2세대 (19년~현재),1973,0,46,559,I
508 SW 2세대 (19년~현재),2102,0,46,559,I
508 1세대 (11~18년),1425,0,46,559,I
508 SW 1세대 (11~18년),1723,0,46,559,I
508 RXH 1세대 (16~18년),1722,0,46,559,I
올 뉴 5008 (26년~현재),2957,0,46,753,I
5008 2세대 (17년~현재),1884,0,46,753,I
5008 1세대 (12~16년),1523,0,46,753,I
604 (75~85년),1514,0,46,560,I
605 (89~99년),374,0,46,561,I
607 (99~10년),375,0,46,562,I
806 (94~02년),376,0,46,563,I
807 (02~10년),774,0,46,564,I
익스퍼트 티피 (07~15년),1591,0,46,810,I
파트너 티피 (08년~현재),1524,0,46,754,I
RCZ (10~15년),1360,0,46,565,I
라티고 CS (05~07년),1052,0,91,456,I
트라몬토 (05~07년),1053,0,91,457,I
124 (66~85년),2668,0,47,933,I
124 (16년~현재),1512,0,47,933,I
128A (69~83년),2023,0,47,979,I
500 (07년~현재),1220,2,47,674,I
500e (13년~현재),2835,1,47,674,I
500L (68년~현재),1919,0,47,674,I
500X (16년~현재),1787,0,47,674,I
500 (57~77년),2670,0,47,674,I
600 (55~76년),1560,0,47,790,I
두카토 (07년~현재),2762,2,47,1266,I
두카토 (82~06년),2761,0,47,1266,I
바르게타 (95~05년),380,0,47,675,I
쿠페 (93~00년),379,0,47,676,I
판다 4×4 (80년~현재),382,0,47,678,I
푼토 (93~18년),387,0,47,679,I
프리몬트 (11년~현재),1569,0,47,799,I
멀티피아 (98~10년),1410,0,47,680,I
H1 (92~06년),581,4,48,280,I
H2 (02~09년),582,3,48,281,I
H2 SUT (02~09년),855,0,48,281,I
H3 (05~10년),742,4,48,282,I
H3T (05~10년),1018,1,48,282,I
CR-V (23년~현재),2778,0,50,517,I
CR-V 5세대 (17년~현재),1831,0,50,517,I
CR-V 4세대 (12~17년),1471,0,50,517,I
CR-V (96~12년),560,0,50,517,I
CR-Z (10년~현재),1335,0,50,516,I
CRX 델솔,438,0,50,694,I
HR-V (16년~현재),1736,0,50,921,I
N-BOX (12년~현재),1655,0,50,836,I
N-ONE (12년~현재),1637,0,50,826,I
NSX (90~05년),436,0,50,521,I
NSX (16~22년),2921,1,50,521,I
S660 (15년~현재),1663,0,50,858,I
S2000 (99~09년),437,1,50,520,I
댓츠 (02~07년),1037,0,50,696,I
레전드 5세대 (14~21년),2524,0,50,519,I
레전드 (85~12년),431,0,50,519,I
리지라인 (06년~현재),829,0,50,688,I
비트 (91~95년),435,0,50,695,I
스텝왜건 (15년~현재),2742,0,50,1254,I
스텝왜건 (96~15년),2741,0,50,1254,I
올 뉴 시빅 스포츠 10세대 (19~20년),2113,0,50,515,I
올 뉴 시빅 10세대 (17~18년),1834,0,50,515,I
뉴 시빅 9세대 (11~16년),1460,0,50,515,I
시빅 (73~11년),432,2,50,515,I
어코드 (23년~현재),2811,0,50,518,I
어코드 10세대 (18~22년),1909,0,50,518,I
어코드 9세대 (13~17년),430,1,50,518,I
어코드 8세대 (08~12년),2367,0,50,518,I
어코드 7세대 (03~08년),2366,0,50,518,I
어코드 (76~02년),2365,0,50,518,I
에딕스,1535,0,50,771,I
엘리먼트 (03~11년),797,0,50,689,I
올 뉴 오딧세이 (17년~현재),1882,0,50,690,I
오딧세이 (95~17년),559,0,50,690,I
인사이트 (99~14년),1328,0,50,514,I
인테그라 (85~06년),433,0,50,691,I
크로스로드 (93~10년),957,0,50,692,I
크로스투어 (10~15년),1570,0,50,800,I
프렐류드 (78~01년),434,0,50,693,I
파일럿 (23년~현재),2803,0,50,857,I
파일럿 3세대 (16년~23년),2523,0,50,857,I
파일럿 (03~15년),1039,0,50,857,I
휘트 (01년~현재),871,0,50,513,I
패스포트 (94~02년),2663,0,50,1208,I
UTE (00~17년),1126,0,76,661,I
모나로 (68~06년),647,0,76,662,I
바리나 (85~19년),1119,0,76,663,I
스테이츠맨 (90~17년),1123,0,76,664,I
에피카 (06~11년),1118,0,76,665,I
카프라이스 (90~17년),1124,0,76,666,I
칼라이스 (84~17년),1122,0,76,667,I
캡티바 (06~18년),1125,0,76,668,I
코모도어 (78~20년),1121,0,76,669,I
콜로라도 (06~20년),1127,0,76,670,I
콤보 (01년~현재),1128,0,76,671,I
크루즈 (08~16년),1120,0,76,672,I
500 (64년~현재),1873,0,1012,934,I
전기차,2351,1,4,1068,I
희소차량,70,3,4,651,I
캠핑카,1448,1,4,652,I
캠핑 트레일러,1671,8,4,864,I
-,1648,1,4,831,I
