model_name,model_code,model_volume,maker_code,origin
그랜저,5,80,49,K
스타렉스,17,68,49,K
포터,42,46,49,K
싼타페,20,42,49,K
쏘나타,21,29,49,K
팰리세이드,960,28,49,K
카운티,31,28,49,K
i20,920,0,49,K
i30,1,0,49,K
i40,2,1,49,K
갤로퍼,3,0,49,K
그라나다,4,0,49,K
그레이스,6,0,49,K
넥쏘,946,1,49,K
다이너스티,7,0,49,K
라비타,9,0,49,K
리베로,10,1,49,K
마르샤,11,0,49,K
마이티,12,7,49,K
맥스크루즈,788,1,49,K
베뉴,974,3,49,K
베라크루즈,13,4,49,K
베르나,14,0,49,K
벨로스터,15,3,49,K
블루온,1104,0,49,K
스쿠프,16,0,49,K
스타리아,1078,15,49,K
스텔라,18,0,49,K
싼타모,19,0,49,K
쏠라티,870,3,49,K
아반떼,22,27,49,K
아슬란,820,1,49,K
아이오닉,871,2,49,K
아이오닉5,1080,2,49,K
아이오닉6,1259,2,49,K
아이오닉9,1308,0,49,K
아토스,23,0,49,K
에어로,24,4,49,K
에쿠스,25,13,49,K
엑센트,26,4,49,K
엑셀,27,1,49,K
엘란트라,28,0,49,K
제네시스,30,17,49,K
캐스퍼,1090,2,49,K
코나,922,11,49,K
코러스,32,0,49,K
코티나,33,0,49,K
클릭,34,0,49,K
캠핑카,778,0,49,K
테라칸,35,1,49,K
투스카니,36,3,49,K
투싼,37,12,49,K
트라고,38,0,49,K
엑시언트,1088,0,49,K
트라제XG,39,0,49,K
트럭,777,0,49,K
티뷰론,40,0,49,K
포니,41,0,49,K
포레스트,1063,0,49,K
프레스토,43,0,49,K
파비스,1120,0,49,K
그린시티,1121,0,49,K
유니버스,29,1,49,K
유니시티,1122,0,49,K
RB버스,1054,0,49,K
ST1,1288,0,49,K
기타,772,0,49,K
G70,935,13,1010,K
G80,893,60,1010,K
G90,958,38,1010,K
GV60,1108,0,1010,K
GV70,1070,18,1010,K
GV80,1032,45,1010,K
EQ900,879,9,1010,K
카니발,76,154,3,K
봉고,59,47,3,K
쏘렌토,69,45,3,K
K5,44,23,3,K
K8,1079,21,3,K
모하비,56,19,3,K
스포티지,67,19,3,K
EV3,1293,0,3,K
EV4,1310,0,3,K
EV5,1324,0,3,K
EV6,1086,1,3,K
EV9,1275,0,3,K
K3,762,8,3,K
K7,45,17,3,K
K9,46,13,3,K
PV5,1327,0,3,K
X-트렉,47,0,3,K
그랜버드,48,1,3,K
니로,880,8,3,K
라이노,49,0,3,K
레이,50,18,3,K
레토나,51,0,3,K
로체,52,1,3,K
록스타,53,0,3,K
리오,54,0,3,K
모닝,55,13,3,K
베스타,57,0,3,K
복사,58,0,3,K
브리사,60,0,3,K
비스토,61,0,3,K
세레스,62,0,3,K
세이블,63,0,3,K
세피아,64,0,3,K
셀토스,973,7,3,K
슈마,65,0,3,K
스토닉,928,0,3,K
스팅어,919,3,3,K
스펙트라,66,0,3,K
쎄라토,68,0,3,K
쏘울,70,3,3,K
아벨라,71,0,3,K
엔터프라이즈,72,1,3,K
엘란,73,0,3,K
오피러스,74,1,3,K
옵티마,75,0,3,K
카렌스,77,2,3,K
카스타,78,0,3,K
캐피탈,79,0,3,K
캠핑카,780,0,3,K
코스모스,88,1,3,K
콤비,89,0,3,K
콩코드,90,0,3,K
크레도스,91,0,3,K
타스만,1307,1,3,K
타우너,92,0,3,K
타이탄,93,0,3,K
텔루라이드,1049,0,3,K
토픽,94,0,3,K
트럭,779,0,3,K
트레이드,95,0,3,K
파맥스,96,0,3,K
파크타운,97,0,3,K
포르테,98,2,3,K
포텐샤,99,2,3,K
프라이드,100,1,3,K
프레지오,101,0,3,K
피아트 132,102,0,3,K
기타,773,1,3,K
말리부,82,13,8,K
기타,774,11,8,K
스파크,83,10,8,K
올란도,85,7,8,K
크루즈,87,7,8,K
레스타,129,6,8,K
트랙스,787,4,8,K
볼트,1110,1,8,K
볼트(VOLT),914,0,8,K
아베오,84,0,8,K
이쿼녹스,943,1,8,K
임팔라,862,1,8,K
카마로,983,4,8,K
콜로라도,982,1,8,K
콜벳,984,0,8,K
캡티바,86,3,8,K
타호,1261,0,8,K
트래버스,981,0,8,K
트레일블레이저,1033,2,8,K
G2X,103,0,8,K
구쎈,1119,0,8,K
넥시아,104,0,8,K
누비라,105,0,8,K
다마스,106,1,8,K
더쎈,1117,0,8,K
라노스,107,0,8,K
라보,108,1,8,K
라세티,109,0,8,K
레간자,110,0,8,K
레조,111,0,8,K
로얄살롱,112,0,8,K
르망,113,1,8,K
마티즈,114,1,8,K
매그너스,115,0,8,K
맥쎈,1118,0,8,K
맵시,782,0,8,K
맵시나,116,0,8,K
바네트,117,0,8,K
베리타스,118,0,8,K
브로엄,119,0,8,K
수퍼살롱,120,0,8,K
스테이츠맨,121,0,8,K
씨에로,122,0,8,K
아카디아,123,0,8,K
알페온,124,1,8,K
에스페로,125,1,8,K
윈스톰,126,0,8,K
임페리얼,127,0,8,K
젠트라,128,0,8,K
칼로스,130,0,8,K
토스카,131,0,8,K
트럭,781,0,8,K
티코,132,0,8,K
프리마,133,1,8,K
프린스,134,2,8,K
SM3,135,8,26,K
SM5,136,17,26,K
SM6,877,8,26,K
SM7,137,4,26,K
QM3,806,4,26,K
QM5,138,5,26,K
QM6,904,8,26,K
XM3,1046,2,26,K
그랑 콜레오스,1299,1,26,K
필랑트,1339,0,26,K
마스터,954,14,26,K
세닉,1323,0,26,K
아르카나,1287,1,26,K
야무진,139,0,26,K
조에,1064,0,26,K
캡처,1051,0,26,K
클리오,942,0,26,K
트럭,783,0,26,K
트위지,930,0,26,K
기타,775,0,26,K
렉스턴,140,17,31,K
로디우스,141,0,31,K
무쏘,142,1,31,K
액티언,143,1,31,K
이스타나,144,0,31,K
체어맨,145,4,31,K
카이런,146,0,31,K
칼리스타,147,2,31,K
코란도,148,22,31,K
코란도(EV),1114,0,31,K
토레스,1247,6,31,K
티볼리,830,6,31,K
트럭,784,0,31,K
기타,776,0,31,K
스피라,80,0,1000,K
전기차,1069,0,85,K
캠핑카,865,0,85,K
캠핑 트레일러,866,0,85,K
기타,81,1,85,K
A클래스,353,9,21,I
B클래스 (마이비),354,0,21,I
C클래스,355,7,21,I
E클래스,356,58,21,I
CLA클래스,807,3,21,I
CLE클래스,1283,5,21,I
CLK클래스,369,0,21,I
CLS클래스,357,14,21,I
S클래스,358,142,21,I
마이바흐 S클래스,359,56,21,I
마이바흐 SL클래스,1331,0,21,I
마이바흐 GLS클래스,1074,39,21,I
GLA클래스,817,1,21,I
GLB클래스,1065,8,21,I
GLC클래스,876,18,21,I
GLE클래스,873,18,21,I
GLK클래스,360,1,21,I
GLS클래스,889,17,21,I
GL클래스,361,1,21,I
G클래스 (G바겐),362,63,21,I
M클래스,363,0,21,I
AMG GT,842,17,21,I
R클래스,364,1,21,I
V클래스,365,12,21,I
스프린터,366,35,21,I
유니목,1060,0,21,I
EQA,1087,0,21,I
EQB,1249,2,21,I
EQC,1007,1,21,I
EQE,1262,0,21,I
EQS,1111,0,21,I
EQE SUV,1274,1,21,I
EQS SUV,1268,2,21,I
마이바흐 EQS SUV,1295,2,21,I
SLK클래스,368,0,21,I
SL클래스,370,11,21,I
CL클래스,381,0,21,I
SLC클래스,906,0,21,I
SLS AMG,371,4,21,I
SLR 맥라렌,372,0,21,I
SEL/SEC,380,3,21,I
L319,382,0,21,I
190,375,2,21,I
220,1255,0,21,I
280,959,0,21,I
600,1062,0,21,I
악트로스,1124,0,21,I
아록스,1125,0,21,I
아테고,1126,0,21,I
기타,1123,1,21,I
718,901,20,43,I
911,250,113,43,I
박스터,248,1,43,I
카이맨,249,0,43,I
카레라 GT,253,0,43,I
마칸,829,11,43,I
카이엔,251,70,43,I
타이칸,1053,19,43,I
파나메라,252,47,43,I
356,856,0,43,I
928,1156,0,43,I
944,1157,0,43,I
959,254,0,43,I
968,1158,0,43,I
1시리즈,342,2,1,I
2시리즈,814,3,1,I
3시리즈,343,16,1,I
4시리즈,809,9,1,I
5시리즈,344,32,1,I
6시리즈,345,3,1,I
7시리즈,346,21,1,I
8시리즈,347,8,1,I
그란투리스모 (GT),348,6,1,I
1M,1017,0,1,I
M2,1018,4,1,I
M3,1019,8,1,I
M4,1020,5,1,I
M5,1021,4,1,I
M6,1022,0,1,I
M8,1023,2,1,I
M 쿠페/로드스터,1024,0,1,I
X3 M,1025,0,1,I
X4 M,1026,1,1,I
X5 M,1027,2,1,I
X6 M,1028,3,1,I
XM,1271,1,1,I
X1,1011,1,1,I
X2,1012,2,1,I
X3,1013,3,1,I
X4,1014,7,1,I
X5,1015,9,1,I
X6,1016,16,1,I
X7,349,15,1,I
iX,1221,1,1,I
iX1,1270,1,1,I
iX2,1309,0,1,I
iX3,1115,0,1,I
i3,815,0,1,I
i4,1243,2,1,I
i5,1277,0,1,I
i7,1265,2,1,I
i8,824,0,1,I
Z3,1030,1,1,I
Z4,1031,1,1,I
Z8,350,2,1,I
02 시리즈,955,0,1,I
296,1246,28,41,I
308,939,1,41,I
328,967,0,41,I
348,292,0,41,I
360,293,0,41,I
456,294,0,41,I
458,295,6,41,I
488,863,17,41,I
512TR,296,0,41,I
575M,299,1,41,I
599,300,4,41,I
612,301,1,41,I
812,937,8,41,I
849,1338,0,41,I
F8,1008,25,41,I
F12,770,2,41,I
F355,302,1,41,I
F430,303,3,41,I
FF,307,1,41,I
GTC4 루쏘,915,5,41,I
SF90,1077,18,41,I
라페라리,1248,0,41,I
로마,1061,23,41,I
엔초,306,0,41,I
캘리포니아,305,10,41,I
포르토피노,952,14,41,I
푸로산게,1298,13,41,I
아말피,1335,0,41,I
12 칠린드리,1340,0,41,I
기타,309,0,41,I
고스트,230,32,16,I
던,918,6,16,I
팬텀,231,13,16,I
레이스,808,19,16,I
스펙터,1279,5,16,I
컬리넌,945,28,16,I
코니쉬,234,0,16,I
실버 쉐도우,1107,0,16,I
실버 스퍼(스피릿),233,0,16,I
실버 클라우드,1269,1,16,I
뮬산,259,6,22,I
벤테이가,908,23,22,I
컨티넨탈 GT,256,31,22,I
플라잉스퍼,257,26,22,I
브룩랜즈,260,0,22,I
아르나지,258,1,22,I
아주르,261,0,22,I
터보 R,849,0,22,I
가야르도,212,0,11,I
디아블로,214,0,11,I
레부엘토,1326,3,11,I
무르시엘라고,213,3,11,I
시안,1278,0,11,I
아벤타도르,215,13,11,I
우라칸,816,20,11,I
우루스,956,48,11,I
테메라리오,1341,0,11,I
A1,867,0,32,I
A3,174,1,32,I
A4,175,0,32,I
A5,176,2,32,I
A6,177,10,32,I
A7,178,2,32,I
A8,179,12,32,I
S3,1136,0,32,I
S4,1137,0,32,I
S5,1139,0,32,I
S6,1140,0,32,I
S7,1138,1,32,I
S8,186,2,32,I
RS3,1132,1,32,I
RS4,1133,0,32,I
RS5,1135,0,32,I
RS6,1134,1,32,I
RS7,187,2,32,I
R8,185,3,32,I
Q2,944,0,32,I
Q3,180,0,32,I
Q5,181,1,32,I
Q7,182,2,32,I
Q8,976,2,32,I
SQ5,795,0,32,I
SQ7,1300,0,32,I
SQ8,1067,2,32,I
RS Q8,1035,1,32,I
TT,184,2,32,I
A6 e-트론,1321,0,32,I
S6 e-트론,1322,0,32,I
Q4 e-트론,1256,0,32,I
Q6 e-트론,1312,0,32,I
Q8 e-트론,1289,0,32,I
SQ6 e-트론,1313,0,32,I
SQ8 e-트론,1290,0,32,I
e-트론,1056,2,32,I
e-트론 GT,1116,0,32,I
RS e-트론 GT,1260,1,32,I
올로드콰트로,183,0,32,I
A2,1130,0,32,I
V8,1127,0,32,I
80,209,0,32,I
100,1129,0,32,I
골프,310,2,44,I
폴로,812,0,44,I
시로코,311,1,44,I
비틀,312,3,44,I
제타,319,0,44,I
파사트,313,0,44,I
CC,801,0,44,I
아테온,961,0,44,I
아틀라스,962,0,44,I
ID.4,1257,0,44,I
ID.5,1319,0,44,I
페이톤,314,1,44,I
티구안,315,0,44,I
투아렉,316,0,44,I
업!,894,0,44,I
이오스,317,0,44,I
루탄,1304,0,44,I
리알타,881,0,44,I
벤토,883,0,44,I
보라,884,0,44,I
카르만기아,886,0,44,I
코라도,887,0,44,I
티록,1071,0,44,I
마이크로버스,888,1,44,I
샤란,1141,0,44,I
그랜드 캘리포니아,1113,2,44,I
T3 (트랜스포터),1314,1,44,I
T4 (트랜스포터),1143,0,44,I
T5 (트랜스포터),1106,0,44,I
T6 (트랜스포터),1036,0,44,I
기타,1144,0,44,I
IS,200,1,13,I
ES,201,4,13,I
GS,202,1,13,I
LS,203,0,13,I
CT,208,0,13,I
LC,929,0,13,I
SC,204,0,13,I
RX,205,2,13,I
RZ,1273,0,13,I
GX,206,0,13,I
LM,1294,2,13,I
LX,207,2,13,I
NX,819,1,13,I
UX,968,0,13,I
RC,837,1,13,I
LFA,1089,0,13,I
HS,210,0,13,I
쿠퍼,320,4,97,I
컨버터블,1037,1,97,I
쿠페,321,0,97,I
로드스터,1038,0,97,I
클럽맨,322,3,97,I
컨트리맨,323,5,97,I
페이스맨,802,0,97,I
에이스맨,1311,0,97,I
원,324,0,97,I
E6,1303,0,1023,I
씨라이언 7,1328,0,1023,I
씰,1320,0,1023,I
아토 3,1302,0,1023,I
DS3,1250,0,1021,I
DS4,1251,0,1021,I
DS5,1253,0,1021,I
DS7,1252,0,1021,I
유콘,388,1,77,I
사바나,389,5,77,I
벤츄라,390,0,77,I
사파리,391,0,77,I
소노마,1039,0,77,I
시에라,1040,4,77,I
캐니언,392,1,77,I
터레인,1041,0,77,I
아카디아,1042,0,77,I
엔보이,1145,0,77,I
지미,394,0,77,I
허머,1286,14,77,I
GT-R,587,2,5,I
로그,739,0,5,I
리프,932,0,5,I
마치,585,0,5,I
맥시마,738,0,5,I
무라노,583,0,5,I
알티마,582,0,5,I
쥬크,813,0,5,I
캐시카이,835,0,5,I
큐브,581,0,5,I
티아나,737,0,5,I
패스파인더,751,0,5,I
프론티어,584,0,5,I
휘가로,589,1,5,I
180SX,1043,0,5,I
240SX,736,0,5,I
Z시리즈,586,2,5,I
스카이라인,588,0,5,I
NV밴,740,0,5,I
버사,741,0,5,I
스테이지아,796,0,5,I
시마,742,0,5,I
실비아,743,0,5,I
알마다,744,0,5,I
엑스테라,745,0,5,I
엑스트레일,963,0,5,I
엘그란드,746,1,5,I
윙로드,747,0,5,I
퀘스트,748,0,5,I
타이탄,749,0,5,I
파오,750,0,5,I
후가,752,0,5,I
글로리아,1147,0,5,I
로렐,1148,0,5,I
블루버드 실피,1149,0,5,I
세드릭,1150,0,5,I
세피로,1151,0,5,I
프레지던트,1152,0,5,I
코펜,395,1,6,I
미라,396,0,6,I
미라지노,938,0,6,I
마테리아,397,0,6,I
분,398,0,6,I
캐스트,892,0,6,I
탄토,843,0,6,I
웨이크,844,0,6,I
무브,1154,0,6,I
테리오스,1155,0,6,I
매그넘,400,0,7,I
차저,401,0,7,I
챌린저,402,5,7,I
바이퍼,403,0,7,I
캘리버,404,0,7,I
다코타,405,2,7,I
듀란고,406,0,7,I
램 픽업,407,20,7,I
니트로,408,0,7,I
캐러밴,409,0,7,I
램 밴,410,0,7,I
밴,411,0,7,I
스프린터,1045,0,7,I
네온,1212,0,7,I
스텔스,1213,0,7,I
어벤저,412,0,7,I
C31,1001,0,1014,I
C32,1002,0,1014,I
C35,1003,0,1014,I
리치,1272,0,1014,I
펜곤 ix5,1005,0,1014,I
데드라,616,0,10,I
델타,834,0,10,I
라이브라,617,0,10,I
카파,618,0,10,I
테마,619,0,10,I
테시스,620,0,10,I
기타,621,0,10,I
디스커버리,218,4,12,I
디스커버리 스포츠,924,5,12,I
디펜더,219,10,12,I
레인지로버,220,43,12,I
레인지로버 스포츠,925,9,12,I
레인지로버 벨라,926,4,12,I
레인지로버 이보크,923,2,12,I
프리랜더,221,0,12,I
기타,222,0,12,I
미니,413,1,14,I
MGF,848,0,14,I
75,1174,0,14,I
에메야,1305,0,15,I
에미라,1105,8,15,I
에보라,225,0,15,I
엑시지,223,1,15,I
엘리스,224,1,15,I
엘레트라,1306,0,15,I
유로파,226,0,15,I
에스프리,227,0,15,I
2-일레븐,228,0,15,I
340,229,0,15,I
라구나,622,0,61,I
메간,623,0,61,I
세닉,624,0,61,I
스포츠,903,0,61,I
클리오,625,0,61,I
트윙고,626,0,61,I
에스빠스,627,0,61,I
벨사티스,628,0,61,I
모뒤스,629,0,61,I
MKC,823,0,17,I
MKS,325,0,17,I
MKX,326,0,17,I
MKZ,327,0,17,I
MKT,328,0,17,I
LS,331,0,17,I
네비게이터,329,1,17,I
노틸러스,970,0,17,I
에비에이터,330,1,17,I
컨티넨탈,332,0,17,I
코세어,1052,0,17,I
타운카,333,1,17,I
57,991,2,1016,I
57s,992,2,1016,I
62,993,2,1016,I
62s,994,1,1016,I
그란투리스모,415,4,18,I
그란카브리오,416,0,18,I
그레칼레,1264,1,18,I
기블리,840,3,18,I
르반떼,913,2,18,I
콰트로포르테,417,9,18,I
스파이더,419,0,18,I
쿠페,418,0,18,I
MC12,420,0,18,I
MC20,1112,3,18,I
바이터보,841,1,18,I
GT2 스트라달레,1342,0,18,I
2 (데미오),703,0,19,I
3 (스피드 악셀라 ),704,0,19,I
5,705,0,19,I
6 (아텐자),706,0,19,I
AZ,566,0,19,I
CX,567,0,19,I
MX,568,2,19,I
RX,569,0,19,I
유노스,570,0,19,I
트리뷰트,708,0,19,I
MPV,709,0,19,I
프로시드,707,0,19,I
B-시리즈,1231,0,19,I
밀레니아,1232,0,19,I
540C,975,0,1003,I
570GT,931,0,1003,I
570S,878,7,1003,I
600LT,966,1,1003,I
650S,838,1,1003,I
675LT,902,0,1003,I
720S,936,5,1003,I
750S,1291,3,1003,I
765LT,1084,2,1003,I
GT,1009,3,1003,I
MP4-12C,785,0,1003,I
세나,1285,2,1003,I
아투라,1091,2,1003,I
그랜드마퀴스,631,0,60,I
마운티니어,633,0,60,I
몬테고,634,0,60,I
미스틱,635,0,60,I
빌리저,637,0,60,I
세이블,638,0,60,I
기타,639,0,60,I
플러스 4,1280,0,1022,I
플러스 8,1281,1,1022,I
플러스 6,1282,0,1022,I
랜서,529,0,20,I
랜서에볼루션,530,1,20,I
아웃랜더,531,0,20,I
파제로,698,0,20,I
RVR,699,0,20,I
이클립스,532,0,20,I
3000GT,700,0,20,I
FTO,701,0,20,I
GTO,702,0,20,I
갤랑,1214,0,20,I
디아망테,1215,0,20,I
아이,533,0,20,I
트라이톤,1216,0,20,I
가류,534,0,82,I
누에라,590,0,82,I
라세드,593,1,82,I
록스타,1325,1,82,I
레인보우,953,0,82,I
뷰트,592,0,82,I
오로치,803,0,82,I
히미코,804,0,82,I
MC-1,594,0,82,I
기타,535,0,82,I
C30,1095,0,23,I
C40,1217,0,23,I
C70,383,0,23,I
EX30,1284,0,23,I
EX40,1318,0,23,I
S40,1096,0,23,I
S60,1097,0,23,I
S70,1098,0,23,I
S80,1099,0,23,I
S90,384,0,23,I
V40,1100,1,23,I
V50,1101,0,23,I
V60,1102,0,23,I
V70,1103,0,23,I
V90,385,0,23,I
XC40,1092,0,23,I
XC60,1093,5,23,I
XC70,1094,0,23,I
XC90,386,3,23,I
240,387,0,23,I
740,1218,0,23,I
850,850,1,23,I
940,851,0,23,I
960,1175,0,23,I
FH,1176,0,23,I
FH16,1177,0,23,I
FM11,1178,0,23,I
FE,1179,0,23,I
FL,1180,0,23,I
CK,874,0,1009,I
켄보600,927,0,1009,I
베이론,283,1,88,I
시론,1055,0,88,I
르사블,640,0,24,I
리갈,641,0,24,I
리비에라,642,0,24,I
센츄리,643,0,24,I
스카이락,644,0,24,I
엔클라브,645,0,24,I
파크애비뉴,646,0,24,I
GT,290,0,99,I
로드스터,291,0,99,I
9-3,236,1,25,I
9-5,237,1,25,I
900,239,1,25,I
9000,240,0,25,I
두에고,1316,0,1025,I
뷰,422,0,94,I
스카이,423,0,94,I
아스트라,424,0,94,I
아웃룩,425,0,94,I
아우라,426,0,94,I
포투,985,2,1015,I
포포,986,0,1015,I
로드스터,987,0,1015,I
크로스블레이드,988,0,1015,I
C/K,451,0,29,I
HHR,448,0,29,I
S10 픽업,449,0,29,I
SSR,445,0,29,I
볼트,1044,0,29,I
블레이저,446,0,29,I
서버밴,439,5,29,I
스텝밴,1081,0,29,I
실버라도 픽업,443,1,29,I
아발란치,442,0,29,I
아스트로밴,441,0,29,I
익스프레스밴,910,16,29,I
임팔라,890,0,29,I
체비밴,438,1,29,I
카마로,436,1,29,I
콜로라도,444,0,29,I
콜벳,437,3,29,I
캠핑카,447,1,29,I
타호,440,1,29,I
트럭밴,791,0,29,I
트랙커,1075,1,29,I
픽업,450,0,29,I
기타,435,0,29,I
레가시,430,0,27,I
아웃백,432,1,27,I
임프레자,428,0,27,I
임프레자 WRX,429,0,27,I
포레스터,431,0,27,I
아르시오네 SVX,1222,0,27,I
트리베카,1223,0,27,I
R1,433,0,27,I
R2,1224,0,27,I
그랜드 비타라,761,0,28,I
사이드킥,755,0,28,I
솔리오,758,0,28,I
스위프트,536,0,28,I
스페시아,950,0,28,I
왜건 R,757,0,28,I
이그니스,1010,1,28,I
알토,895,0,28,I
알토라팡,538,1,28,I
짐니,760,6,28,I
카푸치노,756,0,28,I
케이,537,0,28,I
트윈,1059,0,28,I
허슬러,822,0,28,I
시보레 크루즈,539,0,28,I
R470,288,0,103,I
히노,289,0,103,I
R450,1181,0,103,I
R480,1182,0,103,I
R490,1183,0,103,I
R500,1184,0,103,I
R560,1185,0,103,I
R580,1186,0,103,I
R620,1187,0,103,I
G400,1188,0,103,I
G410,1193,0,103,I
G420,1189,0,103,I
G440,1190,0,103,I
G450,1191,0,103,I
G500,1192,0,103,I
P280,1194,0,103,I
P360,1195,0,103,I
P400,1196,0,103,I
500S,1197,0,103,I
540S,1198,0,103,I
S650,1199,0,103,I
C8,434,0,93,I
C,453,1,30,I
DS,905,0,30,I
잔티아,454,0,30,I
4C,832,0,33,I
147,604,0,33,I
156,605,0,33,I
156GTA,606,0,33,I
159,609,0,33,I
164,607,0,33,I
166,608,0,33,I
GT,610,0,33,I
GTV,611,0,33,I
미토,613,0,33,I
브레라,541,0,33,I
스파이더,612,0,33,I
줄리아,977,0,33,I
줄리에타,833,1,33,I
A110,1242,1,1020,I
DB7,1219,0,62,I
DB9,1220,0,62,I
DB11,272,6,62,I
DB12,1317,2,62,I
DBS,275,2,62,I
DBX,1034,2,62,I
라피드,276,2,62,I
밴티지,273,11,62,I
뱅퀴시,274,2,62,I
CL,595,0,95,I
RL,596,0,95,I
TL,597,0,95,I
TSX,598,0,95,I
ZDX,599,0,95,I
MDX,600,0,95,I
RDX,601,0,95,I
RSX,602,0,95,I
인테그라,603,0,95,I
스피드스터,475,0,34,I
벡트라,653,0,34,I
비타,654,0,34,I
아스트라,655,0,34,I
오메가,656,0,34,I
카데트,657,0,34,I
코르사,659,0,34,I
티그라,660,0,34,I
FX,898,0,1011,I
미니,897,0,1011,I
기타,899,0,1011,I
88LSS,647,0,35,I
실루엣,648,0,35,I
델타 88,650,0,35,I
슈퍼세븐,455,0,83,I
그레나디어,1315,1,1024,I
데일리,957,2,1013,I
스트라리스,1201,0,1013,I
트래커,1203,0,1013,I
S웨이,1200,0,1013,I
X웨이,1202,0,1013,I
T웨이,1204,0,1013,I
유로카고,1205,0,1013,I
뮤,459,0,36,I
로데오,460,0,36,I
비크로스,461,0,36,I
엘프,948,0,36,I
디맥스,1206,0,36,I
포워드,1207,0,36,I
기타,462,0,36,I
G,242,0,81,I
I,916,0,81,I
M,243,0,81,I
Q,244,0,81,I
EX,245,0,81,I
FX,246,1,81,I
JX,764,0,81,I
QX,247,2,81,I
기타,765,0,81,I
E페이스,941,0,37,I
F페이스,896,0,37,I
I페이스,951,0,37,I
E타입,1258,3,37,I
F타입,798,2,37,I
S타입,484,0,37,I
X타입,483,0,37,I
XE,868,1,37,I
XF,485,3,37,I
XJ,487,4,37,I
XJ6,488,4,37,I
XJ8,489,2,37,I
XJ12,1050,0,37,I
XJR,828,0,37,I
XK,490,2,37,I
XJS,491,0,37,I
다임러,492,0,37,I
소버린,493,0,37,I
기타,494,2,37,I
글래디에이터,980,2,96,I
레니게이드,875,1,96,I
랭글러,337,18,96,I
리버티,339,0,96,I
어벤저,1297,0,96,I
체로키,1225,3,96,I
그랜드 체로키,336,2,96,I
커맨더,338,0,96,I
컴패스,335,0,96,I
패트리어트,340,0,96,I
ATS,793,0,38,I
BLS,263,0,38,I
CT4,1057,0,38,I
CT5,1058,1,38,I
CT6,900,1,38,I
CTS,264,1,38,I
DTS,265,2,38,I
STS,266,0,38,I
SRX,267,0,38,I
XLR,268,0,38,I
XT4,1072,0,38,I
XT5,912,0,38,I
XT6,1047,0,38,I
XTS,971,0,38,I
리릭,1292,0,38,I
에스컬레이드,269,18,38,I
에스컬레이드 IQ,1330,0,38,I
드빌,270,1,38,I
스빌,1160,0,38,I
엘도라도,854,0,38,I
플리트우드,853,0,38,I
컨코어,271,1,38,I
CCX,285,0,89,I
CCR,286,0,89,I
CCXR,287,0,89,I
200,763,1,39,I
300C,466,2,39,I
300M,467,0,39,I
LHS,470,0,39,I
PT크루저,464,0,39,I
보이저,471,0,39,I
비전,473,0,39,I
세브링,465,0,39,I
스트라투스,474,0,39,I
캐러밴,472,0,39,I
크로스파이어,469,0,39,I
퍼시피카,468,0,39,I
프라울러,805,2,39,I
네온,463,0,39,I
뉴요커,1209,0,39,I
콩코드,1210,0,39,I
타운&컨트리,1211,0,39,I
모델 3,1006,6,1006,I
모델 S,839,2,1006,I
모델 X,972,4,1006,I
모델 Y,1073,2,1006,I
사이버트럭,1301,1,1006,I
86,571,0,9,I
프리우스,573,0,9,I
캠리,574,2,9,I
라브4,576,1,9,I
시에나,577,2,9,I
타코마,578,2,9,I
툰드라,579,3,9,I
FJ크루져,575,1,9,I
bB,710,0,9,I
C-HR,947,0,9,I
IQ,711,0,9,I
MR,712,0,9,I
4러너,713,0,9,I
노아,714,0,9,I
루미,1333,0,9,I
랜드크루저,715,2,9,I
베르소,1083,0,9,I
매트릭스,716,0,9,I
벤자,767,0,9,I
벨파이어,940,0,9,I
복시,717,0,9,I
사이언,718,0,9,I
세라,719,0,9,I
세콰이어,845,0,9,I
센츄리,720,0,9,I
셀리카,721,1,9,I
셀시오,846,0,9,I
소아라,722,0,9,I
솔라라,723,0,9,I
수프라,724,1,9,I
스프린터,725,0,9,I
아이고,917,0,9,I
아발론,726,0,9,I
알테자,727,0,9,I
알파드,847,7,9,I
야리스(비츠),728,1,9,I
위시,859,0,9,I
윌,729,0,9,I
입섬,730,0,9,I
코롤라,572,0,9,I
크라운,731,0,9,I
하이랜더,733,0,9,I
하이럭스,734,0,9,I
하이에이스,1076,0,9,I
해리어,735,0,9,I
락티스,1161,0,9,I
마크2,1162,0,9,I
마크X,1244,0,9,I
마크X 지오,1245,0,9,I
비스타,1163,0,9,I
시엔타,1164,0,9,I
에스티마,1165,0,9,I
윈덤,1166,0,9,I
이스트,1167,0,9,I
체이서,1168,0,9,I
카미,1169,0,9,I
파쏘,1170,0,9,I
포르테,1171,0,9,I
그랑비아,1172,0,9,I
프리비아,1173,0,9,I
기타,580,0,9,I
존다,278,0,84,I
후에이라,279,0,84,I
E-시리즈,508,1,42,I
F-시리즈,509,28,42,I
GT,512,0,42,I
S-MAX,510,0,42,I
레인져,506,1,42,I
머스탱,507,8,42,I
몬데오,496,0,42,I
브롱코,855,4,42,I
윈드스타,794,0,42,I
이스케이프,501,0,42,I
익스페디션,505,2,42,I
익스플로러,502,2,42,I
썬더버드,511,1,42,I
스포츠트랙,504,0,42,I
쿠가,872,0,42,I
토러스,499,0,42,I
트랜짓,907,1,42,I
파이브 헌드레드,500,0,42,I
퓨전,498,0,42,I
포커스,497,0,42,I
프리스타일,503,0,42,I
피에스타,1233,0,42,I
에어로스타,1234,0,42,I
이코노밴,1235,0,42,I
엣지,1236,0,42,I
프로브,1237,0,42,I
플렉스,495,0,42,I
기타,1238,0,42,I
사우바나,891,0,1008,I
툰랜드,860,0,1008,I
아오마크,1230,0,1008,I
그랑프리,681,0,45,I
그랜드엠,682,0,45,I
솔스티스,683,0,45,I
트랜스앰,684,0,45,I
파이어버드,685,0,45,I
G8,1085,0,45,I
보네빌,1226,0,45,I
선파이어,1227,0,45,I
트랜스포트,687,0,45,I
피에로,1228,0,45,I
기타,1229,0,45,I
폴스타 2,1241,1,1019,I
폴스타 4,1296,0,1019,I
107,545,0,46,I
1007,546,0,46,I
206,548,0,46,I
207,549,0,46,I
208,768,0,46,I
2008,827,2,46,I
306,550,0,46,I
307,552,0,46,I
308,553,1,46,I
3008,554,1,46,I
405,555,0,46,I
406,556,0,46,I
407,557,0,46,I
408,1276,0,46,I
505,558,0,46,I
508,559,0,46,I
5008,753,0,46,I
604,560,0,46,I
605,561,0,46,I
607,562,0,46,I
806,563,0,46,I
807,564,0,46,I
익스퍼트 티피,810,0,46,I
파트너 티피,754,0,46,I
RCZ,565,0,46,I
라티고 CS,456,0,91,I
트라몬토,457,0,91,I
124,933,0,47,I
128,979,0,47,I
500,674,3,47,I
600,790,0,47,I
두카토,1266,2,47,I
바르게타,675,0,47,I
쿠페,676,0,47,I
판다 4×4,678,0,47,I
푼토,679,0,47,I
프리몬트,799,0,47,I
멀티피아,680,0,47,I
H1,280,4,48,I
H2,281,3,48,I
H3,282,5,48,I
CR-V,517,0,50,I
CR-Z,516,0,50,I
CRX 델솔,694,0,50,I
HR-V,921,0,50,I
N-BOX,836,0,50,I
N-ONE,826,0,50,I
NSX,521,1,50,I
S660,858,0,50,I
S2000,520,1,50,I
댓츠,696,0,50,I
레전드,519,0,50,I
리지라인,688,0,50,I
비트,695,0,50,I
스텝왜건,1254,0,50,I
시빅,515,2,50,I
어코드,518,1,50,I
에딕스,771,0,50,I
엘리먼트,689,0,50,I
오딧세이,690,0,50,I
인사이트,514,0,50,I
인테그라,691,0,50,I
크로스로드,692,0,50,I
크로스투어,800,0,50,I
프렐류드,693,0,50,I
파일럿,857,0,50,I
휘트,513,0,50,I
패스포트,1208,0,50,I
UTE,661,0,76,I
모나로,662,0,76,I
바리나,663,0,76,I
스테이츠맨,664,0,76,I
에피카,665,0,76,I
카프라이스,666,0,76,I
칼라이스,667,0,76,I
캡티바,668,0,76,I
코모도어,669,0,76,I
콜로라도,670,0,76,I
콤보,671,0,76,I
크루즈,672,0,76,I
트럭,934,0,1012,I
전기차,1068,1,4,I
희소차량,651,3,4,I
캠핑카,652,0,4,I
캠핑 트레일러,864,8,4,I
-,831,1,4,I
